mittlere_position	herkunft	zeichen	in_prompts	satz
0.0	Eroeffnung (Ort, Komposition, Licht-Stichworte)	153	2/26	wmlstil, farm in golden autumn light, open landscape scene seen from a slightly elevated angle, warm late-afternoon sunlight, soft shadows on the ground.
0.0	Eroeffnung (Ort, Komposition, Licht-Stichworte)	187	2/26	wmlstil, farm in golden autumn light, large place seen obliquely from above, the whole site and its surroundings visible at once, warm late-afternoon sunlight, soft shadows on the ground.
0.0	Eroeffnung (Ort, Komposition, Licht-Stichworte)	294	2/26	wmlstil, a family home on Christmas Eve, the whole house cut open: a living room with a lit Christmas tree, a kitchen, a hallway, the stairs and the bedrooms above, building cut open from the side, several floors and rooms visible at once, warm lamp and window light, soft shadows on the floor.
0.0	Eroeffnung (Ort, Komposition, Licht-Stichworte)	319	2/26	wmlstil, a family home on Christmas Eve, the whole house cut open: a living room with a lit Christmas tree, a kitchen, a hallway, the stairs and the bedrooms above, building cut open into many small rooms like a printer's type case, each room its own little scene, warm lamp and window light, soft shadows on the floor.
0.0	Eroeffnung (Ort, Komposition, Licht-Stichworte)	328	2/26	wmlstil, a family home on Christmas Eve, the whole house cut open: a living room with a lit Christmas tree, a kitchen, a hallway, the stairs and the bedrooms above, large place seen obliquely from above, a cut-open house together with the street and surroundings around it, warm lamp and window light, soft shadows on the floor.
0.0	Eroeffnung (Ort, Komposition, Licht-Stichworte)	199	2/26	wmlstil, sunny beach vacation scene with a boardwalk and the sea in the background, open landscape scene seen from a slightly elevated angle, warm late-afternoon sunlight, soft shadows on the ground.
0.0	Eroeffnung (Ort, Komposition, Licht-Stichworte)	233	2/26	wmlstil, sunny beach vacation scene with a boardwalk and the sea in the background, large place seen obliquely from above, the whole site and its surroundings visible at once, warm late-afternoon sunlight, soft shadows on the ground.
0.0	Eroeffnung (Ort, Komposition, Licht-Stichworte)	195	2/26	wmlstil, mountain hiking scene with alpine meadows and peaks in the background, open landscape scene seen from a slightly elevated angle, warm late-afternoon sunlight, soft shadows on the ground.
0.0	Eroeffnung (Ort, Komposition, Licht-Stichworte)	229	2/26	wmlstil, mountain hiking scene with alpine meadows and peaks in the background, large place seen obliquely from above, the whole site and its surroundings visible at once, warm late-afternoon sunlight, soft shadows on the ground.
0.0	Eroeffnung (Ort, Komposition, Licht-Stichworte)	180	2/26	wmlstil, lively city street scene with shops and a small market, open landscape scene seen from a slightly elevated angle, warm late-afternoon sunlight, soft shadows on the ground.
0.0	Eroeffnung (Ort, Komposition, Licht-Stichworte)	214	2/26	wmlstil, lively city street scene with shops and a small market, large place seen obliquely from above, the whole site and its surroundings visible at once, warm late-afternoon sunlight, soft shadows on the ground.
0.0	Eroeffnung (Ort, Komposition, Licht-Stichworte)	183	2/26	wmlstil, sunny playground scene with swings, a slide and a sandbox, open landscape scene seen from a slightly elevated angle, warm late-afternoon sunlight, soft shadows on the ground.
0.0	Eroeffnung (Ort, Komposition, Licht-Stichworte)	217	2/26	wmlstil, sunny playground scene with swings, a slide and a sandbox, large place seen obliquely from above, the whole site and its surroundings visible at once, warm late-afternoon sunlight, soft shadows on the ground.
1.0	NO_MOUTH_EMPHASIS	273	26/26	CRITICAL, above every other style detail in this image: absolutely no human or human-like character anywhere — named hero, midground, or background, no matter how small or freely invented — may have a visible mouth, lips, teeth, tongue, or any mouth-shaped line or opening.
2.0	NO_MOUTH_EMPHASIS	128	26/26	Every single human face in this entire image shows only two small dot eyes and one short vertical nose line, nothing below that.
3.0	NO_MOUTH_EMPHASIS	120	26/26	If in doubt while drawing any human character, leave the lower half of the face blank rather than add any kind of mouth.
4.0	NO_MOUTH_EMPHASIS	236	26/26	Animals are NOT covered by this rule — animals may be drawn with their natural mouths, snouts, beaks or open jaws (a dog holding something in its mouth, a bird chirping, an animal's snout) exactly as a real illustration would show them.
5.0	ZOOM_OUT_RULE	170	26/26	Camera distance is critical for this image: pull back much further than feels natural, as if photographing the whole place from across the street or from an upper window.
6.0	ZOOM_OUT_RULE	157	26/26	This is a wide establishing shot of an entire place, not a scene staged around a few characters — the place is the subject, and the people are what fills it.
7.0	ZOOM_OUT_RULE	96	26/26	Getting further away is what creates the room for the large number of characters required below.
8.0	sizeRule	201	10/26	Character size, and this is the single most important compositional constraint in this image: the tallest person standing at the very front of the scene must fit into the image height eight times over.
8.0	sizeRule	201	12/26	Character size, and this is the single most important compositional constraint in this image: the tallest person standing at the very front of the scene must fit into the image height seven times over.
8.0	sizeRule	216	4/26	Character size, and this is the single most important compositional constraint in this image: the tallest person ANYWHERE in this picture — in any room, on any floor — must fit into the image height eight times over.
9.0	sizeRule	121	10/26	Picture the image height divided into eight equal horizontal bands — a front figure is no taller than one of those bands.
9.0	sizeRule	121	12/26	Picture the image height divided into seven equal horizontal bands — a front figure is no taller than one of those bands.
9.0	sizeRule	133	4/26	Picture the image height divided into eight equal horizontal bands: no person is taller than one of those bands, wherever they stand.
10.0	sizeRule	150	22/26	People in the middle distance are about half that height again, and the many people further back are smaller still, barely more than a thumbnail each.
10.0	sizeRule	93	4/26	There is no foreground figure in a cut-open building and nobody stands in front of the house.
11.0	sizeRule	269	22/26	Use this as a check while composing: if any single character is large enough that a viewer would read them as the subject of a portrait, or if their face carries recognisable detail at a glance, the camera is far too close and the whole composition must be pulled back.
11.0	sizeRule	245	4/26	Use this as a check while composing: if any single character is large enough that a viewer would read them as the subject of a portrait, or if their face carries recognisable detail at a glance, every figure in the house must be redrawn smaller.
12.0	LICHT_AUSSEN	43	20/26	Warm late-afternoon sunlight from one side.
12.0	LICHT_INNEN	34	6/26	Warm light from windows and lamps.
13.0	LICHT_AUSSEN	66	26/26	Every person, animal and object casts a soft shadow on the ground.
14.0	LICHT_AUSSEN	76	26/26	Gentle colour gradients in sky and foliage, distant hills softer and hazier.
15.0	LICHT_AUSSEN	90	26/26	Faces stay simple: dot eyes, small nose line inside the face outline, seen from the front.
16.0	EDGE_AND_FACE_RULE	65	26/26	Two things are never allowed in this image, and they go together.
17.0	EDGE_AND_FACE_RULE	55	26/26	First: no figure is cut off by the edge of the picture.
18.0	EDGE_AND_FACE_RULE	336	26/26	Nobody stands half in and half out at the bottom, the top or the sides, and there is no oversized head or shoulder pushed up against the front edge as a framing device — every single person in this scene stands fully inside the picture, complete from head to foot, and no person anywhere is drawn larger than the size limit given above.
19.0	EDGE_AND_FACE_RULE	50	26/26	Second: every face that appears is actually drawn.
20.0	EDGE_AND_FACE_RULE	180	26/26	Each one shows the two small dot eyes and the single short vertical nose line — never an empty, blank oval with nothing on it, however small or however near the edge the figure is.
21.0	EDGE_AND_FACE_RULE	69	26/26	The mouth stays absent, as the rule above says; eyes and nose do not.
22.0	BASE_CANVAS_NOTE	69	26/26	Reference image 1 is an empty sheet in the paper colour of this book.
23.0	BASE_CANVAS_NOTE	87	26/26	It shows nothing and means nothing — it is only the blank surface to draw the scene on.
24.0	BASE_CANVAS_NOTE	132	26/26	Do not look for anything in it, do not copy anything from it, and do not leave any part of the finished picture empty because of it.
25.0	BASE_CANVAS_NOTE	60	26/26	Everything that matters is in the reference images after it.
26.0	Heldenbeschreibung (imageRefMapping/heldBeschreibungAusBlatt)	195	26/26	Reference image 2 shows a toddler boy, age 3, chibi proportions, large round head, short small body, short wavy brown hair, wearing a blue-and-white checked shirt and blue shorts and brown shoes.
27.0	Heldenbeschreibung (imageRefMapping/heldBeschreibungAusBlatt)	187	26/26	Reference image 3 shows a toddler girl, age 4, chibi proportions, large round head, short small body, short wavy black hair, wearing a cream polka dot top and blue shorts and brown shoes.
28.0	Heldenbeschreibung (imageRefMapping/heldBeschreibungAusBlatt)	107	26/26	Reference image 4 shows a man, short wavy red hair, wearing a green jumper and blue shorts and brown shoes.
29.0	kinderUnterscheidung	229	13/26	Keep the named children strictly apart: the boy from reference image 2 has short wavy brown hair and wears a blue-and-white checked shirt; the girl from reference image 3 has short wavy black hair and wears a cream polka dot top.
29.0	Heldenbeschreibung (imageRefMapping/heldBeschreibungAusBlatt)	113	13/26	Reference image 5 shows a woman, short wavy grey hair, wearing a yellow raincoat and blue shorts and brown shoes.
30.0	Heldenbeschreibung (imageRefMapping/heldBeschreibungAusBlatt)	122	13/26	Reference image 6 shows a girl, age 7, short wavy blond hair, wearing a red striped dress and blue shorts and brown shoes.
31.0	kinderUnterscheidung	76	26/26	Each child keeps exactly their own hair and clothes: never swap or mix them.
31.0	backgroundLibraryInstruction	147	13/26	Reference images 5 through 8 show a library of additional background-character designs — NOT named heroes, no names or identities attached to them.
31.0	kinderUnterscheidung	318	13/26	Keep the named children strictly apart: the boy from reference image 2 has short wavy brown hair and wears a blue-and-white checked shirt; the girl from reference image 3 has short wavy black hair and wears a cream polka dot top; the girl from reference image 6 has short wavy blond hair and wears a red striped dress.
33.0	backgroundLibraryInstruction	24	26/26	Do two things with them.
33.0	backgroundLibraryInstruction	148	13/26	Reference images 7 through 10 show a library of additional background-character designs — NOT named heroes, no names or identities attached to them.
34.0	backgroundLibraryInstruction	322	26/26	FIRST: pick four to six of the people shown on these sheets and draw them into this scene, all of them in the middle distance and all of them at exactly the midground size given by the size rule above — this instruction never makes anybody bigger, and none of these four to six may come near the front edge of the picture.
35.0	backgroundLibraryInstruction	178	26/26	Keep each of them recognisably the same person in hair, build and colour combination; recognisable here means the silhouette, the hair and the colours, nothing smaller than that.
36.0	backgroundLibraryInstruction	214	26/26	RE-DRESS THEM COMPLETELY for this scene: the sheets show people in coats, scarves, woolly hats and rain macs, and none of that may appear in this image unless this scene's own place and season actually call for it.
37.0	backgroundLibraryInstruction	212	26/26	A figure from the sheets keeps their hair and their colours and gets the clothes that belong here — a winter coat becomes a shirt, an apron, a summer dress, whatever is right for this place and this time of year.
38.0	backgroundLibraryInstruction	77	26/26	A single scarf or woolly hat that does not belong to this scene is a mistake.
39.0	backgroundLibraryInstruction	70	26/26	SECOND: the sheets set the standard for everybody else in the picture.
40.0	backgroundLibraryInstruction	208	26/26	Every unnamed person in this scene is a properly drawn character with their own hairstyle, their own clothes and their own combination of colours, as varied from one another as the people on these sheets are.
41.0	backgroundLibraryInstruction	151	26/26	No repeated silhouettes, no grey filler shapes, nobody left as a vague blob — even the small figures far back get their own hair and their own colours.
42.0	backgroundLibraryInstruction	45	26/26	Invent all those further characters yourself.
43.0	COMPOSITION_TYPES	205	10/26	Composition: one open, continuous place seen from a slightly elevated angle, with a clear near-to-far depth: a foreground edge, a broad middle distance, and a far distance that recedes towards the horizon.
43.0	COMPOSITION_TYPES	301	10/26	Composition: a large place seen obliquely from above, roughly from the height of a first-floor window, wide enough that the whole site and what lies around it are visible at once — the main area in the middle, and around it the paths, the edges and the neighbouring ground, each with its own activity.
43.0	COMPOSITION_TYPES	140	2/26	Composition: a house cut open towards the viewer, several rooms and at least two floors visible at the same time, like an open doll's house.
43.0	COMPOSITION_TYPES	93	2/26	Composition: a building cut open into a GRID of many small rooms, like a printer's type case.
43.0	COMPOSITION_TYPES	102	2/26	Composition: a large place seen obliquely from above, roughly from the height of a first-floor window.
44.0	COMPOSITION_TYPES	71	10/26	Spread the action across all three so the eye travels into the picture.
44.0	COMPOSITION_TYPES	65	10/26	Several separate corners of activity rather than one single spot.
44.0	scenePrompt	1156	1/26	Where the characters from the reference images are in this particular scene — they are NOT all lined up at the front, each one stands exactly where it says here, each doing their own thing, never standing still and never posed neutrally: the boy from reference image 2 (short wavy brown hair, a blue-and-white checked shirt), right now stroking a calf on the forehead, at the front of the scene, drawn small enough that it would fit at least seven times over into the image height, in the right half, clearly right of the middle; the girl from reference image 3 (short wavy black hair, a cream polka dot top), right now feeding a lamb from a bottle, well back in the scene, noticeably smaller than the people at the front, but still drawn with enough care that hair, face and clothing read clearly — never shrunk down to one of the tiny background figures, on the left side of the image; the man from reference image 4 (short wavy red hair, a green jumper), right now sitting on the fence looking across the yard, in the middle distance, drawn small enough that it would fit at least twelve times over into the image height, on the right side of the image.
44.0	COMPOSITION_TYPES	80	2/26	Each room keeps its own floor, walls and ceiling and holds its own little scene.
44.0	COMPOSITION_TYPES	266	2/26	Count them: there are at least TEN separate rooms, laid out in at least three rows one above the other and at least three columns side by side, each room walled off from its neighbours and each one a complete little scene with its own furniture and its own activity.
44.0	COMPOSITION_TYPES	209	2/26	A house cut open towards the viewer sits in the middle, and around it the street, the square and the surroundings continue with their own life — market stalls, front gardens, a path, whatever the theme brings.
44.0	scenePrompt	1168	1/26	Where the characters from the reference images are in this particular scene — they are NOT all lined up at the front, each one stands exactly where it says here, each doing their own thing, never standing still and never posed neutrally: the boy from reference image 2 (short wavy brown hair, a blue-and-white checked shirt), right now carrying two buckets of water, well back in the scene, noticeably smaller than the people at the front, but still drawn with enough care that hair, face and clothing read clearly — never shrunk down to one of the tiny background figures, on the right side of the image; the girl from reference image 3 (short wavy black hair, a cream polka dot top), right now digging the moat around a sandcastle, in the middle distance, drawn small enough that it would fit at least twelve times over into the image height, in the left half, clearly left of the middle; the man from reference image 4 (short wavy red hair, a green jumper), right now shovelling sand over someone's feet, at the front of the scene, drawn small enough that it would fit at least seven times over into the image height, in the right half, clearly right of the middle.
44.0	scenePrompt	1172	1/26	Where the characters from the reference images are in this particular scene — they are NOT all lined up at the front, each one stands exactly where it says here, each doing their own thing, never standing still and never posed neutrally: the boy from reference image 2 (short wavy brown hair, a blue-and-white checked shirt), right now stroking a cow at the side of the path, at the front of the scene, drawn small enough that it would fit at least seven times over into the image height, on the right side of the image; the girl from reference image 3 (short wavy black hair, a cream polka dot top), right now drinking from a water bottle, in the middle distance, drawn small enough that it would fit at least twelve times over into the image height, in the left half, clearly left of the middle; the man from reference image 4 (short wavy red hair, a green jumper), right now collecting stones into a jacket pocket, well back in the scene, noticeably smaller than the people at the front, but still drawn with enough care that hair, face and clothing read clearly — never shrunk down to one of the tiny background figures, in the right half, clearly right of the middle.
44.0	scenePrompt	1174	1/26	Where the characters from the reference images are in this particular scene — they are NOT all lined up at the front, each one stands exactly where it says here, each doing their own thing, never standing still and never posed neutrally: the boy from reference image 2 (short wavy brown hair, a blue-and-white checked shirt), right now sitting on someone's shoulders looking over the crowd, at the front of the scene, drawn small enough that it would fit at least seven times over into the image height, on the right side of the image; the girl from reference image 3 (short wavy black hair, a cream polka dot top), right now pointing at a shop window, in the middle distance, drawn small enough that it would fit at least twelve times over into the image height, in the left half, clearly left of the middle; the man from reference image 4 (short wavy red hair, a green jumper), right now counting coins in their hand, well back in the scene, noticeably smaller than the people at the front, but still drawn with enough care that hair, face and clothing read clearly — never shrunk down to one of the tiny background figures, in the right half, clearly right of the middle.
44.0	scenePrompt	1134	1/26	Where the characters from the reference images are in this particular scene — they are NOT all lined up at the front, each one stands exactly where it says here, each doing their own thing, never standing still and never posed neutrally: the boy from reference image 2 (short wavy brown hair, a blue-and-white checked shirt), right now holding a ball under one arm, at the front of the scene, drawn small enough that it would fit at least seven times over into the image height, in the left half, clearly left of the middle; the girl from reference image 3 (short wavy black hair, a cream polka dot top), right now feeding ducks at the pond, in the middle distance, drawn small enough that it would fit at least twelve times over into the image height, on the right side of the image; the man from reference image 4 (short wavy red hair, a green jumper), right now drawing on the path with chalk, well back in the scene, noticeably smaller than the people at the front, but still drawn with enough care that hair, face and clothing read clearly — never shrunk down to one of the tiny background figures, on the left side of the image.
45.0	COMPOSITION_TYPES	182	10/26	This is emphatically NOT a cross-section and NOT a cut-open building: every building here is seen from the outside, with its front wall intact, and the viewer stands out in the open.
45.0	COMPOSITION_TYPES	261	2/26	All the rooms are the same distance from the viewer, so depth comes from the rooms being staggered, from furniture overlapping, and from what can be seen through doorways and windows — never from drawing the people in one room bigger than the people in another.
45.0	COMPOSITION_TYPES	160	2/26	The rooms are small and roughly equal in size — a picture with three or four generous rooms is the wrong composition for this image, however nicely drawn it is.
45.0	COMPOSITION_TYPES	79	2/26	Inside and outside are visible at once, side by side, each with its own ground.
46.0	COMPOSITION_TYPES	179	10/26	No stacked rows of rooms, no interiors laid open side by side, no dividing lines or borders drawn across the picture — one single continuous place, seen from one single viewpoint.
46.0	scenePrompt	1151	1/26	Where the characters from the reference images are in this particular scene — they are NOT all lined up at the front, each one stands exactly where it says here, each doing their own thing, never standing still and never posed neutrally: the boy from reference image 2 (short wavy brown hair, a blue-and-white checked shirt), right now climbing onto a straw bale, in the middle distance, drawn small enough that it would fit at least fourteen times over into the image height, on the left side of the image; the girl from reference image 3 (short wavy black hair, a cream polka dot top), right now holding a chicken in their arms, well back in the scene, noticeably smaller than the people at the front, but still drawn with enough care that hair, face and clothing read clearly — never shrunk down to one of the tiny background figures, on the right side of the image; the man from reference image 4 (short wavy red hair, a green jumper), right now carrying a bucket of feed with both hands, at the front of the scene, drawn small enough that it would fit at least eight times over into the image height, in the left half, clearly left of the middle.
46.0	scenePrompt	1712	1/26	Where the characters from the reference images are in this particular scene — they are NOT all lined up at the front, each one stands exactly where it says here, each doing their own thing, never standing still and never posed neutrally: the boy from reference image 2 (short wavy brown hair, a blue-and-white checked shirt), right now pushing a wheelbarrow full of apples, in the middle distance, drawn small enough that it would fit at least twelve times over into the image height, in the left half, clearly left of the middle; the girl from reference image 3 (short wavy black hair, a cream polka dot top), right now stroking a calf on the forehead, at the front of the scene, drawn small enough that it would fit at least seven times over into the image height, on the right side of the image; the man from reference image 4 (short wavy red hair, a green jumper), right now climbing onto a straw bale, well back in the scene, noticeably smaller than the people at the front, but still drawn with enough care that hair, face and clothing read clearly — never shrunk down to one of the tiny background figures, on the left side of the image; the woman from reference image 5 (short wavy grey hair, a yellow raincoat), right now carrying a bucket of feed with both hands, in the middle distance, drawn small enough that it would fit at least twelve times over into the image height, in the right half, clearly right of the middle; the girl from reference image 6 (short wavy blond hair, a red striped dress), right now holding a chicken in their arms, at the front of the scene, drawn small enough that it would fit at least seven times over into the image height, in the left half, clearly left of the middle.
46.0	COMPOSITION_TYPES	120	2/26	The whole pleasure here is the number of separate places to discover, so err on the side of more rooms and smaller ones.
46.0	scenePrompt	1158	1/26	Where the characters from the reference images are in this particular scene — they are NOT all lined up at the front, each one stands exactly where it says here, each doing their own thing, never standing still and never posed neutrally: the boy from reference image 2 (short wavy brown hair, a blue-and-white checked shirt), right now carrying two buckets of water, well back in the scene, noticeably smaller than the people at the front, but still drawn with enough care that hair, face and clothing read clearly — never shrunk down to one of the tiny background figures, in the right half, clearly right of the middle; the girl from reference image 3 (short wavy black hair, a cream polka dot top), right now holding a kite by its string, in the middle distance, drawn small enough that it would fit at least fourteen times over into the image height, in the left half, clearly left of the middle; the man from reference image 4 (short wavy red hair, a green jumper), right now jumping over a running-out wave, at the front of the scene, drawn small enough that it would fit at least eight times over into the image height, on the right side of the image.
46.0	scenePrompt	1823	1/26	Where the characters from the reference images are in this particular scene — they are NOT all lined up at the front, each one stands exactly where it says here, each doing their own thing, never standing still and never posed neutrally: the boy from reference image 2 (short wavy brown hair, a blue-and-white checked shirt), right now carrying two buckets of water, in the middle distance, drawn small enough that it would fit at least twelve times over into the image height, in the right half, clearly right of the middle; the girl from reference image 3 (short wavy black hair, a cream polka dot top), right now holding a wooden boat into the water, well back in the scene, noticeably smaller than the people at the front, but still drawn with enough care that hair, face and clothing read clearly — never shrunk down to one of the tiny background figures, in the left half, clearly left of the middle; the man from reference image 4 (short wavy red hair, a green jumper), right now searching for shells along the waterline, at the front of the scene, drawn small enough that it would fit at least seven times over into the image height, on the right side of the image; the woman from reference image 5 (short wavy grey hair, a yellow raincoat), right now jumping over a running-out wave, in the middle distance, drawn small enough that it would fit at least twelve times over into the image height, on the left side of the image; the girl from reference image 6 (short wavy blond hair, a red striped dress), right now standing knee-deep in the water looking down, well back in the scene, noticeably smaller than the people at the front, but still drawn with enough care that hair, face and clothing read clearly — never shrunk down to one of the tiny background figures, in the right half, clearly right of the middle.
46.0	scenePrompt	1143	1/26	Where the characters from the reference images are in this particular scene — they are NOT all lined up at the front, each one stands exactly where it says here, each doing their own thing, never standing still and never posed neutrally: the boy from reference image 2 (short wavy brown hair, a blue-and-white checked shirt), right now pointing down into the valley, well back in the scene, noticeably smaller than the people at the front, but still drawn with enough care that hair, face and clothing read clearly — never shrunk down to one of the tiny background figures, on the right side of the image; the girl from reference image 3 (short wavy black hair, a cream polka dot top), right now stroking a cow at the side of the path, at the front of the scene, drawn small enough that it would fit at least eight times over into the image height, on the left side of the image; the man from reference image 4 (short wavy red hair, a green jumper), right now holding a hiking pole, in the middle distance, drawn small enough that it would fit at least fourteen times over into the image height, in the right half, clearly right of the middle.
46.0	scenePrompt	1683	1/26	Where the characters from the reference images are in this particular scene — they are NOT all lined up at the front, each one stands exactly where it says here, each doing their own thing, never standing still and never posed neutrally: the boy from reference image 2 (short wavy brown hair, a blue-and-white checked shirt), right now drinking from a water bottle, at the front of the scene, drawn small enough that it would fit at least seven times over into the image height, on the right side of the image; the girl from reference image 3 (short wavy black hair, a cream polka dot top), right now holding a hiking pole, in the middle distance, drawn small enough that it would fit at least twelve times over into the image height, on the left side of the image; the man from reference image 4 (short wavy red hair, a green jumper), right now sitting on a backpack tying a shoe, well back in the scene, noticeably smaller than the people at the front, but still drawn with enough care that hair, face and clothing read clearly — never shrunk down to one of the tiny background figures, in the right half, clearly right of the middle; the woman from reference image 5 (short wavy grey hair, a yellow raincoat), right now collecting stones into a jacket pocket, at the front of the scene, drawn small enough that it would fit at least seven times over into the image height, in the left half, clearly left of the middle; the girl from reference image 6 (short wavy blond hair, a red striped dress), right now pointing down into the valley, in the middle distance, drawn small enough that it would fit at least twelve times over into the image height, on the right side of the image.
46.0	scenePrompt	1179	1/26	Where the characters from the reference images are in this particular scene — they are NOT all lined up at the front, each one stands exactly where it says here, each doing their own thing, never standing still and never posed neutrally: the boy from reference image 2 (short wavy brown hair, a blue-and-white checked shirt), right now stopping in front of a street musician, well back in the scene, noticeably smaller than the people at the front, but still drawn with enough care that hair, face and clothing read clearly — never shrunk down to one of the tiny background figures, in the left half, clearly left of the middle; the girl from reference image 3 (short wavy black hair, a cream polka dot top), right now carrying a long loaf under one arm, in the middle distance, drawn small enough that it would fit at least fourteen times over into the image height, in the right half, clearly right of the middle; the man from reference image 4 (short wavy red hair, a green jumper), right now holding a bag of fruit from the market, at the front of the scene, drawn small enough that it would fit at least eight times over into the image height, on the left side of the image.
46.0	scenePrompt	1823	1/26	Where the characters from the reference images are in this particular scene — they are NOT all lined up at the front, each one stands exactly where it says here, each doing their own thing, never standing still and never posed neutrally: the boy from reference image 2 (short wavy brown hair, a blue-and-white checked shirt), right now pointing at a shop window, well back in the scene, noticeably smaller than the people at the front, but still drawn with enough care that hair, face and clothing read clearly — never shrunk down to one of the tiny background figures, on the right side of the image; the girl from reference image 3 (short wavy black hair, a cream polka dot top), right now carrying a long loaf under one arm, in the middle distance, drawn small enough that it would fit at least twelve times over into the image height, on the left side of the image; the man from reference image 4 (short wavy red hair, a green jumper), right now holding a bag of fruit from the market, at the front of the scene, drawn small enough that it would fit at least seven times over into the image height, in the right half, clearly right of the middle; the woman from reference image 5 (short wavy grey hair, a yellow raincoat), right now standing in the queue at the ice cream parlour, well back in the scene, noticeably smaller than the people at the front, but still drawn with enough care that hair, face and clothing read clearly — never shrunk down to one of the tiny background figures, in the left half, clearly left of the middle; the girl from reference image 6 (short wavy blond hair, a red striped dress), right now sitting on someone's shoulders looking over the crowd, in the middle distance, drawn small enough that it would fit at least twelve times over into the image height, on the right side of the image.
46.0	scenePrompt	1139	1/26	Where the characters from the reference images are in this particular scene — they are NOT all lined up at the front, each one stands exactly where it says here, each doing their own thing, never standing still and never posed neutrally: the boy from reference image 2 (short wavy brown hair, a blue-and-white checked shirt), right now climbing the ladder to the slide, in the middle distance, drawn small enough that it would fit at least fourteen times over into the image height, on the left side of the image; the girl from reference image 3 (short wavy black hair, a cream polka dot top), right now swinging while standing up, at the front of the scene, drawn small enough that it would fit at least eight times over into the image height, on the right side of the image; the man from reference image 4 (short wavy red hair, a green jumper), right now holding a ball under one arm, well back in the scene, noticeably smaller than the people at the front, but still drawn with enough care that hair, face and clothing read clearly — never shrunk down to one of the tiny background figures, in the left half, clearly left of the middle.
46.0	scenePrompt	1666	1/26	Where the characters from the reference images are in this particular scene — they are NOT all lined up at the front, each one stands exactly where it says here, each doing their own thing, never standing still and never posed neutrally: the boy from reference image 2 (short wavy brown hair, a blue-and-white checked shirt), right now swinging while standing up, in the middle distance, drawn small enough that it would fit at least twelve times over into the image height, on the left side of the image; the girl from reference image 3 (short wavy black hair, a cream polka dot top), right now blowing soap bubbles, at the front of the scene, drawn small enough that it would fit at least seven times over into the image height, in the right half, clearly right of the middle; the man from reference image 4 (short wavy red hair, a green jumper), right now hanging from the climbing frame, well back in the scene, noticeably smaller than the people at the front, but still drawn with enough care that hair, face and clothing read clearly — never shrunk down to one of the tiny background figures, in the left half, clearly left of the middle; the woman from reference image 5 (short wavy grey hair, a yellow raincoat), right now feeding ducks at the pond, in the middle distance, drawn small enough that it would fit at least twelve times over into the image height, on the right side of the image; the girl from reference image 6 (short wavy blond hair, a red striped dress), right now climbing the ladder to the slide, at the front of the scene, drawn small enough that it would fit at least seven times over into the image height, on the left side of the image.
46.3	CUTAWAY_SCALE_RULE	96	6/26	Because this is a building cut open for the viewer, three things about it are easy to get wrong.
47.3	CUTAWAY_SCALE_RULE	261	6/26	First, every room is exactly the same distance from the viewer, so all the people in this house are drawn at ONE single size: a person in the top left room is exactly as tall as a person in the bottom right room, upstairs as downstairs, front room as back room.
48.0	scenePrompt	1712	1/26	Where the characters from the reference images are in this particular scene — they are NOT all lined up at the front, each one stands exactly where it says here, each doing their own thing, never standing still and never posed neutrally: the boy from reference image 2 (short wavy brown hair, a blue-and-white checked shirt), right now pushing a wheelbarrow full of apples, in the middle distance, drawn small enough that it would fit at least fourteen times over into the image height, in the right half, clearly right of the middle; the girl from reference image 3 (short wavy black hair, a cream polka dot top), right now gathering eggs into a basket, at the front of the scene, drawn small enough that it would fit at least eight times over into the image height, on the left side of the image; the man from reference image 4 (short wavy red hair, a green jumper), right now feeding a lamb from a bottle, well back in the scene, noticeably smaller than the people at the front, but still drawn with enough care that hair, face and clothing read clearly — never shrunk down to one of the tiny background figures, on the right side of the image; the woman from reference image 5 (short wavy grey hair, a yellow raincoat), right now carrying a bucket of feed with both hands, in the middle distance, drawn small enough that it would fit at least fourteen times over into the image height, in the left half, clearly left of the middle; the girl from reference image 6 (short wavy blond hair, a red striped dress), right now climbing onto a straw bale, at the front of the scene, drawn small enough that it would fit at least eight times over into the image height, in the right half, clearly right of the middle.
48.0	scenePrompt	1814	1/26	Where the characters from the reference images are in this particular scene — they are NOT all lined up at the front, each one stands exactly where it says here, each doing their own thing, never standing still and never posed neutrally: the boy from reference image 2 (short wavy brown hair, a blue-and-white checked shirt), right now searching for shells along the waterline, well back in the scene, noticeably smaller than the people at the front, but still drawn with enough care that hair, face and clothing read clearly — never shrunk down to one of the tiny background figures, on the left side of the image; the girl from reference image 3 (short wavy black hair, a cream polka dot top), right now digging the moat around a sandcastle, in the middle distance, drawn small enough that it would fit at least fourteen times over into the image height, in the right half, clearly right of the middle; the man from reference image 4 (short wavy red hair, a green jumper), right now carrying two buckets of water, at the front of the scene, drawn small enough that it would fit at least eight times over into the image height, in the left half, clearly left of the middle; the woman from reference image 5 (short wavy grey hair, a yellow raincoat), right now standing knee-deep in the water looking down, well back in the scene, noticeably smaller than the people at the front, but still drawn with enough care that hair, face and clothing read clearly — never shrunk down to one of the tiny background figures, on the right side of the image; the girl from reference image 6 (short wavy blond hair, a red striped dress), right now shovelling sand over someone's feet, in the middle distance, drawn small enough that it would fit at least fourteen times over into the image height, on the left side of the image.
48.0	scenePrompt	1778	1/26	Where the characters from the reference images are in this particular scene — they are NOT all lined up at the front, each one stands exactly where it says here, each doing their own thing, never standing still and never posed neutrally: the boy from reference image 2 (short wavy brown hair, a blue-and-white checked shirt), right now trudging ahead in single file, well back in the scene, noticeably smaller than the people at the front, but still drawn with enough care that hair, face and clothing read clearly — never shrunk down to one of the tiny background figures, on the right side of the image; the girl from reference image 3 (short wavy black hair, a cream polka dot top), right now drinking from a water bottle, in the middle distance, drawn small enough that it would fit at least fourteen times over into the image height, on the left side of the image; the man from reference image 4 (short wavy red hair, a green jumper), right now climbing over a boulder, at the front of the scene, drawn small enough that it would fit at least eight times over into the image height, in the right half, clearly right of the middle; the woman from reference image 5 (short wavy grey hair, a yellow raincoat), right now pointing down into the valley, well back in the scene, noticeably smaller than the people at the front, but still drawn with enough care that hair, face and clothing read clearly — never shrunk down to one of the tiny background figures, in the left half, clearly left of the middle; the girl from reference image 6 (short wavy blond hair, a red striped dress), right now stroking a cow at the side of the path, in the middle distance, drawn small enough that it would fit at least fourteen times over into the image height, on the right side of the image.
48.0	scenePrompt	1828	1/26	Where the characters from the reference images are in this particular scene — they are NOT all lined up at the front, each one stands exactly where it says here, each doing their own thing, never standing still and never posed neutrally: the boy from reference image 2 (short wavy brown hair, a blue-and-white checked shirt), right now stopping in front of a street musician, in the middle distance, drawn small enough that it would fit at least fourteen times over into the image height, in the right half, clearly right of the middle; the girl from reference image 3 (short wavy black hair, a cream polka dot top), right now carrying a long loaf under one arm, well back in the scene, noticeably smaller than the people at the front, but still drawn with enough care that hair, face and clothing read clearly — never shrunk down to one of the tiny background figures, on the left side of the image; the man from reference image 4 (short wavy red hair, a green jumper), right now standing in the queue at the ice cream parlour, at the front of the scene, drawn small enough that it would fit at least eight times over into the image height, on the right side of the image; the woman from reference image 5 (short wavy grey hair, a yellow raincoat), right now pushing a scooter along beside them, in the middle distance, drawn small enough that it would fit at least fourteen times over into the image height, in the left half, clearly left of the middle; the girl from reference image 6 (short wavy blond hair, a red striped dress), right now counting coins in their hand, well back in the scene, noticeably smaller than the people at the front, but still drawn with enough care that hair, face and clothing read clearly — never shrunk down to one of the tiny background figures, in the right half, clearly right of the middle.
48.0	scenePrompt	1683	1/26	Where the characters from the reference images are in this particular scene — they are NOT all lined up at the front, each one stands exactly where it says here, each doing their own thing, never standing still and never posed neutrally: the boy from reference image 2 (short wavy brown hair, a blue-and-white checked shirt), right now climbing the ladder to the slide, at the front of the scene, drawn small enough that it would fit at least eight times over into the image height, on the left side of the image; the girl from reference image 3 (short wavy black hair, a cream polka dot top), right now pulling a handcart along behind them, in the middle distance, drawn small enough that it would fit at least fourteen times over into the image height, in the right half, clearly right of the middle; the man from reference image 4 (short wavy red hair, a green jumper), right now holding a ball under one arm, well back in the scene, noticeably smaller than the people at the front, but still drawn with enough care that hair, face and clothing read clearly — never shrunk down to one of the tiny background figures, in the left half, clearly left of the middle; the woman from reference image 5 (short wavy grey hair, a yellow raincoat), right now blowing soap bubbles, at the front of the scene, drawn small enough that it would fit at least eight times over into the image height, on the right side of the image; the girl from reference image 6 (short wavy blond hair, a red striped dress), right now hanging from the climbing frame, in the middle distance, drawn small enough that it would fit at least fourteen times over into the image height, on the left side of the image.
48.3	CUTAWAY_SCALE_RULE	104	6/26	A picture in which the people downstairs are large and the people upstairs are tiny is a failed picture.
48.6	HERO_FINDABILITY_RULE	150	26/26	Finding the named characters is meant to be a small game for the reader, so they are spread across the picture and never grouped together in one spot.
49.3	CUTAWAY_SCALE_RULE	130	6/26	Second, that one size is small: a standing grown-up reaches only about a quarter to a third of the height of the room they are in.
49.6	HERO_FINDABILITY_RULE	297	26/26	But each of them must still be easy to identify once found: fully visible, never half hidden behind an object or another character, never cut off by the edge of the image, never turned away from the viewer, and always drawn with the same care as the figures at the very front, whatever their size.
50.3	CUTAWAY_SCALE_RULE	175	6/26	The rooms are drawn generously tall and nobody comes anywhere near filling one — if a person's head is close to the ceiling, every figure in the house must be redrawn smaller.
50.6	FALZ_RULE	134	26/26	The picture spans a book's double page: a narrow strip down the exact middle, about a fourteenth of its width, vanishes into the fold.
51.0	scenePrompt	1168	1/26	Where the characters from the reference images are in this particular scene — they are NOT all lined up at the front, each one stands exactly where it says here, each doing their own thing, never standing still and never posed neutrally: the boy from reference image 2 (short wavy brown hair, a blue-and-white checked shirt), right now putting a candle into its holder, in one of the rooms at the very front of the cut-open house, drawn at exactly the same size as everyone else in the building, in the right half, clearly right of the middle; the girl from reference image 3 (short wavy black hair, a cream polka dot top), right now pulling the ribbon on a present, in one of the rooms towards the back or the top of the cut-open house, drawn at exactly the same size as everyone else in the building, and still with hair, face and clothing clearly readable, in the left half, clearly left of the middle; the man from reference image 4 (short wavy red hair, a green jumper), right now hanging a bauble on a lower branch, in one of the middle rooms of the cut-open house, drawn at exactly the same size as everyone else in the building, on the right side of the image.
51.3	CUTAWAY_SCALE_RULE	158	6/26	Third, this is a picture and not an architectural drawing: never label the rooms, not with letters, not with numbers, not with name plates or little captions.
51.6	FALZ_RULE	167	26/26	Keep every character from the reference images and their little scene clearly left or right of that strip; it shows only surroundings or unnamed background characters.
52.0	scenePrompt	1180	1/26	Where the characters from the reference images are in this particular scene — they are NOT all lined up at the front, each one stands exactly where it says here, each doing their own thing, never standing still and never posed neutrally: the boy from reference image 2 (short wavy brown hair, a blue-and-white checked shirt), right now wrapping a present in far too much paper, in one of the middle rooms of the cut-open house, drawn at exactly the same size as everyone else in the building, in the right half, clearly right of the middle; the girl from reference image 3 (short wavy black hair, a cream polka dot top), right now pulling the ribbon on a present, in one of the rooms towards the back or the top of the cut-open house, drawn at exactly the same size as everyone else in the building, and still with hair, face and clothing clearly readable, in the left half, clearly left of the middle; the man from reference image 4 (short wavy red hair, a green jumper), right now sitting by the fireplace holding a mug, in one of the rooms at the very front of the cut-open house, drawn at exactly the same size as everyone else in the building, on the right side of the image.
52.0	scenePrompt	70	2/26	That one-size rule covers ONLY the rooms inside the cut-open building.
52.6	heldEinmalSatz	125	26/26	The boy from reference image 2 appears only once and is the only child in the picture wearing a blue-and-white checked shirt.
53.0	scenePrompt	1817	1/26	Where the characters from the reference images are in this particular scene — they are NOT all lined up at the front, each one stands exactly where it says here, each doing their own thing, never standing still and never posed neutrally: the boy from reference image 2 (short wavy brown hair, a blue-and-white checked shirt), right now hanging a bauble on a lower branch, in one of the middle rooms of the cut-open house, drawn at exactly the same size as everyone else in the building, in the left half, clearly left of the middle; the girl from reference image 3 (short wavy black hair, a cream polka dot top), right now putting a candle into its holder, in one of the rooms towards the back or the top of the cut-open house, drawn at exactly the same size as everyone else in the building, and still with hair, face and clothing clearly readable, in the right half, clearly right of the middle; the man from reference image 4 (short wavy red hair, a green jumper), right now wrapping a present in far too much paper, in one of the rooms at the very front of the cut-open house, drawn at exactly the same size as everyone else in the building, on the left side of the image; the woman from reference image 5 (short wavy grey hair, a yellow raincoat), right now carrying a plate of biscuits with both hands, in one of the middle rooms of the cut-open house, drawn at exactly the same size as everyone else in the building, on the right side of the image; the girl from reference image 6 (short wavy blond hair, a red striped dress), right now looking down through the banister, in one of the rooms towards the back or the top of the cut-open house, drawn at exactly the same size as everyone else in the building, and still with hair, face and clothing clearly readable, in the left half, clearly left of the middle.
53.0	scenePrompt	200	2/26	Outside it, on the street and in the surroundings, the ordinary rules of depth apply as everywhere else: people nearer the front are larger, people further away smaller, shrinking towards the horizon.
53.0	scenePrompt	1180	1/26	Where the characters from the reference images are in this particular scene — they are NOT all lined up at the front, each one stands exactly where it says here, each doing their own thing, never standing still and never posed neutrally: the boy from reference image 2 (short wavy brown hair, a blue-and-white checked shirt), right now looking down through the banister, well back in the scene, noticeably smaller than the people at the front, but still drawn with enough care that hair, face and clothing read clearly — never shrunk down to one of the tiny background figures, on the right side of the image; the girl from reference image 3 (short wavy black hair, a cream polka dot top), right now steadying the tree while someone adjusts the stand, in the middle distance, drawn small enough that it would fit at least twelve times over into the image height, on the left side of the image; the man from reference image 4 (short wavy red hair, a green jumper), right now carrying a plate of biscuits with both hands, at the front of the scene, drawn small enough that it would fit at least seven times over into the image height, in the right half, clearly right of the middle.
53.6	heldEinmalSatz	117	26/26	The girl from reference image 3 appears only once and is the only child in the picture wearing a cream polka dot top.
54.0	scenePrompt	1852	1/26	Where the characters from the reference images are in this particular scene — they are NOT all lined up at the front, each one stands exactly where it says here, each doing their own thing, never standing still and never posed neutrally: the boy from reference image 2 (short wavy brown hair, a blue-and-white checked shirt), right now sitting by the fireplace holding a mug, in one of the rooms at the very front of the cut-open house, drawn at exactly the same size as everyone else in the building, in the right half, clearly right of the middle; the girl from reference image 3 (short wavy black hair, a cream polka dot top), right now looking down through the banister, in one of the rooms towards the back or the top of the cut-open house, drawn at exactly the same size as everyone else in the building, and still with hair, face and clothing clearly readable, on the left side of the image; the man from reference image 4 (short wavy red hair, a green jumper), right now carrying a plate of biscuits with both hands, in one of the middle rooms of the cut-open house, drawn at exactly the same size as everyone else in the building, on the right side of the image; the woman from reference image 5 (short wavy grey hair, a yellow raincoat), right now wrapping a present in far too much paper, in one of the rooms at the very front of the cut-open house, drawn at exactly the same size as everyone else in the building, in the left half, clearly left of the middle; the girl from reference image 6 (short wavy blond hair, a red striped dress), right now steadying the tree while someone adjusts the stand, in one of the rooms towards the back or the top of the cut-open house, drawn at exactly the same size as everyone else in the building, and still with hair, face and clothing clearly readable, in the right half, clearly right of the middle.
54.6	heldEinmalSatz	107	26/26	The man from reference image 4 appears only once and is the only man in the picture wearing a green jumper.
55.0	scenePrompt	1809	1/26	Where the characters from the reference images are in this particular scene — they are NOT all lined up at the front, each one stands exactly where it says here, each doing their own thing, never standing still and never posed neutrally: the boy from reference image 2 (short wavy brown hair, a blue-and-white checked shirt), right now carrying a plate of biscuits with both hands, at the front of the scene, drawn small enough that it would fit at least seven times over into the image height, on the right side of the image; the girl from reference image 3 (short wavy black hair, a cream polka dot top), right now putting a candle into its holder, well back in the scene, noticeably smaller than the people at the front, but still drawn with enough care that hair, face and clothing read clearly — never shrunk down to one of the tiny background figures, on the left side of the image; the man from reference image 4 (short wavy red hair, a green jumper), right now looking down through the banister, in the middle distance, drawn small enough that it would fit at least twelve times over into the image height, in the right half, clearly right of the middle; the woman from reference image 5 (short wavy grey hair, a yellow raincoat), right now pulling the ribbon on a present, at the front of the scene, drawn small enough that it would fit at least seven times over into the image height, in the left half, clearly left of the middle; the girl from reference image 6 (short wavy blond hair, a red striped dress), right now wrapping a present in far too much paper, well back in the scene, noticeably smaller than the people at the front, but still drawn with enough care that hair, face and clothing read clearly — never shrunk down to one of the tiny background figures, on the right side of the image.
56.6	scenePrompt	111	26/26	The characters from the reference images above do exactly the activity given for each of them and nothing else.
56.6	heldEinmalSatz	114	13/26	The woman from reference image 5 appears only once and is the only woman in the picture wearing a yellow raincoat.
57.5	scenePrompt	125	12/26	Populate the whole scene with roughly 90 to 120 individual HUMAN figures — people, and only people count towards this number.
57.6	scenePrompt	196	26/26	The little scenes and running gags listed further below belong to the unnamed background characters — never hand one of them to a character from the reference images instead of their own activity.
57.6	heldEinmalSatz	115	13/26	The girl from reference image 6 appears only once and is the only child in the picture wearing a red striped dress.
59.6	scenePrompt	126	14/26	Populate the whole scene with roughly 100 to 130 individual HUMAN figures — people, and only people count towards this number.
59.6	scenePrompt	123	26/26	Animals do not count towards it at all: a place full of animals with only a couple of dozen people in it is a failed image.
60.5	SCENE_PHASES	207	12/26	Roughly how the people are spread: a small handful at the very front, two to three dozen in the middle distance, and the clear majority as small figures further back and in the surrounding streets and rooms.
60.6	scenePrompt	80	26/26	Draw plenty of animals as well, but on top of the people, never instead of them.
61.0	SCENE_PHASES	212	10/26	Roughly how the people are spread: a small handful at the very front, two to three dozen in the middle distance, and the clear majority as small figures further back, filling the scene all the way to the horizon.
61.7	THREE_LAYER_RULE	233	22/26	The scene must show three clearly different character sizes: the front figures (the biggest in the picture, but still small against the whole scene), noticeably smaller midground figures, and a lot of much smaller background figures.
62.7	THREE_LAYER_RULE	101	22/26	A viewer should be able to tell at a glance which layer any character belongs to, just from its size.
63.7	THREE_LAYER_RULE	145	22/26	An image in which nearly all characters are about the same size across the whole surface is a failed image, no matter how much is going on in it.
64.0	densityInstruction (Hintergrund-Regionen)	582	4/26	In the background layer (drawn small enough that it would fit at least twenty-five times over into the image height) there are people absolutely everywhere, and this is not a counted number but a continuous presence across the whole depth of the picture: in the farmyard, near the barn, in the orchard and by the fields — along every path, every edge, every doorway and every open stretch of ground, people working, walking, standing about and watching, some alone, many in twos and threes, and in places whole clusters of them, carrying on unbroken all the way back to the horizon.
64.0	Vignetten (sceneLayerText)	132	1/26	In the midground, on the left side of the scene: a long table out in the yard with a dozen people sitting along it, eating together.
64.0	densityInstruction (Hintergrund-Regionen)	591	4/26	In the background layer (drawn small enough that it would fit at least twenty-five times over into the image height) there are people absolutely everywhere, and this is not a counted number but a continuous presence across the whole depth of the picture: on the sand, by the water, on the boardwalk and under the beach umbrellas — along every path, every edge, every doorway and every open stretch of ground, people working, walking, standing about and watching, some alone, many in twos and threes, and in places whole clusters of them, carrying on unbroken all the way back to the horizon.
64.0	Vignetten (sceneLayerText)	107	1/26	In the midground, on the left side of the scene: a row of eight sunbathers packed side by side on the sand.
64.0	densityInstruction (Hintergrund-Regionen)	600	4/26	In the background layer (drawn small enough that it would fit at least twenty-five times over into the image height) there are people absolutely everywhere, and this is not a counted number but a continuous presence across the whole depth of the picture: on the hiking trail, by the mountain hut, in the alpine meadow and near the summit — along every path, every edge, every doorway and every open stretch of ground, people working, walking, standing about and watching, some alone, many in twos and threes, and in places whole clusters of them, carrying on unbroken all the way back to the horizon.
64.0	densityInstruction (Hintergrund-Regionen)	599	4/26	In the background layer (drawn small enough that it would fit at least twenty-five times over into the image height) there are people absolutely everywhere, and this is not a counted number but a continuous presence across the whole depth of the picture: on the sidewalk, at the market stalls, outside the shops and at the street corner — along every path, every edge, every doorway and every open stretch of ground, people working, walking, standing about and watching, some alone, many in twos and threes, and in places whole clusters of them, carrying on unbroken all the way back to the horizon.
64.0	Vignetten (sceneLayerText)	107	1/26	In the midground, on the left side of the scene: a pavement cafe with a dozen people at the outside tables.
64.0	densityInstruction (Hintergrund-Regionen)	585	4/26	In the background layer (drawn small enough that it would fit at least twenty-five times over into the image height) there are people absolutely everywhere, and this is not a counted number but a continuous presence across the whole depth of the picture: on the playground, by the sandbox, near the swings and on the grass — along every path, every edge, every doorway and every open stretch of ground, people working, walking, standing about and watching, some alone, many in twos and threes, and in places whole clusters of them, carrying on unbroken all the way back to the horizon.
64.0	Vignetten (sceneLayerText)	118	1/26	In the background, on the left side of the scene: a group of a dozen children playing a chasing game across the grass.
65.0	densityInstruction	121	20/26	Nowhere in the back half of this image is there a stretch of ground, a path or a building without people on or around it.
65.0	Vignetten (sceneLayerText)	114	1/26	In the midground, on the right side of the scene: a queue of about eight children waiting their turn at the slide.
66.0	Vignetten (sceneLayerText)	101	1/26	In the background, on the left side of the scene: a line of twelve people waiting at the beach kiosk.
66.0	Vignetten (sceneLayerText)	139	1/26	In the midground, on the left side of the scene: a cluster of eight people crowded around a signpost, all pointing in different directions.
66.0	Vignetten (sceneLayerText)	105	2/26	In the midground, on the left side of the scene: a family of six resting together on a bench with a view.
66.0	Vignetten (sceneLayerText)	122	1/26	In the midground, on the left side of the scene: a group of ten people packed onto a zebra crossing, all crossing at once.
66.0	Vignetten (sceneLayerText)	113	1/26	In the midground, on the left side of the scene: a queue of about eight children waiting their turn at the slide.
66.0	Vignetten (sceneLayerText)	108	1/26	In the midground, on the right side of the scene: a family picnic with nine people spread over two blankets.
66.5	SCENE_PHASES	208	4/26	Roughly how the people are spread: every room in the house holds its own small group, the busiest rooms a dozen or more, the quietest at least two or three, and nobody is left standing alone in an empty room.
66.6	densityInstruction	115	24/26	Each of them is doing their own tiny activity or little visual joke — true busy seek-and-find picture-book density.
67.0	Vignetten (sceneLayerText)	129	2/26	In the background, on the left side of the scene: a school class of twelve children being led across the yard in a straggly line.
67.0	Vignetten (sceneLayerText)	133	1/26	In the midground, on the right side of the scene: a long table out in the yard with a dozen people sitting along it, eating together.
67.0	Vignetten (sceneLayerText)	133	1/26	In the background, on the right side of the scene: a cluster of about nine people crowded around a pedalo being dragged up the beach.
67.0	Vignetten (sceneLayerText)	90	1/26	In the midground, on the left side of the scene: a beach volleyball flying into the water.
67.0	Vignetten (sceneLayerText)	93	1/26	In the midground, on the left side of the scene: two hikers sharing a packed lunch on a rock.
67.0	Vignetten (sceneLayerText)	91	1/26	In the midground, on the left side of the scene: a squirrel running along a row of benches.
67.3	Vignetten (sceneLayerText)	104	3/26	In the midground, on the right side of the scene: a queue of about ten walkers at the cable car station.
67.5	Vignetten (sceneLayerText)	136	2/26	In the background, on the right side of the scene: a row of spectators leaning on the paddock fence, eight or nine of them side by side.
67.5	densityInstruction	466	4/26	Throughout the house there are people absolutely everywhere, and this is not a counted number but a continuous presence through the whole depth of it: by the Christmas tree, in the kitchen, on the stairs and by the fireplace — in every room, on the stairs, in every doorway, hallway and corner, people busy with something, some alone, many in twos and threes, and in places whole clusters of them, carrying on unbroken right through to the furthest room at the back.
67.5	Vignetten (sceneLayerText)	111	2/26	In the background, on the right side of the scene: a group of about nine people gathered around a summit cross.
67.7	Vignetten (sceneLayerText)	108	3/26	In the midground, on the right side of the scene: a cluster of nine people crowded around a newspaper kiosk.
68.0	Vignetten (sceneLayerText)	127	1/26	In the background, on the left side of the scene: a cluster of eight people in the kitchen doorway, all trying to help at once.
68.0	Vignetten (sceneLayerText)	102	2/26	In the background, on the right side of the scene: a line of twelve people waiting at the beach kiosk.
68.0	Vignetten (sceneLayerText)	116	2/26	In the background, on the right side of the scene: a swimming lesson with a dozen children lined up in the shallows.
68.0	Vignetten (sceneLayerText)	105	1/26	In the midground, on the left side of the scene: a family of six crowded under one far too small parasol.
68.0	Vignetten (sceneLayerText)	95	1/26	In the background, on the left side of the scene: everyone and waving their arms at the summit.
68.0	Vignetten (sceneLayerText)	113	1/26	In the background, on the left side of the scene: a street sweeper gathering leaves that the wind scatters again.
68.0	Vignetten (sceneLayerText)	122	1/26	In the background, on the left side of the scene: a school class of twelve children walking along the pavement two by two.
68.0	Vignetten (sceneLayerText)	98	1/26	In the background, on the left side of the scene: a child chalking a hopscotch grid onto the path.
68.0	Vignetten (sceneLayerText)	113	1/26	In the background, on the left side of the scene: a football game with twelve children and a handful of watchers.
68.5	Vignetten (sceneLayerText)	113	2/26	In the midground, on the right side of the scene: a family of five spread out on a picnic blanket in the orchard.
68.5	Vignetten (sceneLayerText)	149	2/26	In the background, on the right side of the scene: a harvest crew of eight working along a row of apple trees, some up ladders, some carrying crates.
68.5	densityInstruction	65	4/26	No room and no corner of this house is left without people in it.
68.5	Vignetten (sceneLayerText)	109	2/26	In the midground, on the right side of the scene: a group of ten children digging one enormous hole together.
68.5	Vignetten (sceneLayerText)	108	2/26	In the background, on the right side of the scene: a crowd of about fifteen people waiting at the tram stop.
69.0	Vignetten (sceneLayerText)	86	1/26	In the midground, on the right side of the scene: a cat creeping up on a bowl of milk.
69.0	Vignetten (sceneLayerText)	106	1/26	In the midground, on the left side of the scene: a choir of about ten people singing together by the door.
69.0	Vignetten (sceneLayerText)	94	1/26	In the midground, on the left side of the scene: a towel carried across the beach by the wind.
69.0	Vignetten (sceneLayerText)	103	1/26	In the midground, on the right side of the scene: someone dozing off almost getting caught by the tide.
69.0	Vignetten (sceneLayerText)	100	1/26	In the midground, on the left side of the scene: a child drawing with a finger in an old snow patch.
69.0	Vignetten (sceneLayerText)	106	1/26	In the midground, on the right side of the scene: a child jumping a stream with the backpack flying along.
69.0	Vignetten (sceneLayerText)	123	2/26	In the background, on the right side of the scene: a school class of twelve children walking along the pavement two by two.
69.0	Vignetten (sceneLayerText)	94	1/26	In the midground, on the left side of the scene: a waiter balancing a tray between the tables.
69.0	Vignetten (sceneLayerText)	117	1/26	In the midground, on the right side of the scene: a street performer standing so still everyone thinks he's a statue.
69.0	Vignetten (sceneLayerText)	106	2/26	In the background, on the right side of the scene: a birthday party with eleven children around one table.
69.0	Vignetten (sceneLayerText)	124	2/26	In the midground, on the right side of the scene: a ring of ten parents standing and talking while children run around them.
69.0	Vignetten (sceneLayerText)	95	1/26	In the midground, on the right side of the scene: a child pulling a handcart with a dog inside.
70.0	Vignetten (sceneLayerText)	136	1/26	In the background, on the left side of the scene: a cluster of about eight people crowding around a tractor that someone is showing off.
70.0	Vignetten (sceneLayerText)	91	1/26	In the background, on the right side of the scene: chickens pecking at someone's shoelaces.
70.0	Vignetten (sceneLayerText)	128	1/26	In the background, on the right side of the scene: a cluster of eight people in the kitchen doorway, all trying to help at once.
70.0	Vignetten (sceneLayerText)	108	1/26	In the midground, on the left side of the scene: a group of ten children digging one enormous hole together.
70.0	Vignetten (sceneLayerText)	95	2/26	In the background, on the left side of the scene: a towel carried across the beach by the wind.
70.0	Vignetten (sceneLayerText)	113	2/26	In the background, on the right side of the scene: a school group of twelve children with a guide at a viewpoint.
70.0	Vignetten (sceneLayerText)	109	1/26	In the background, on the left side of the scene: someone holding the map upside down while another turns it.
70.0	Vignetten (sceneLayerText)	110	1/26	In the background, on the left side of the scene: a group of about nine people gathered around a summit cross.
70.0	Vignetten (sceneLayerText)	98	1/26	In the background, on the left side of the scene: a parcel falling from a stack on a delivery van.
70.0	Vignetten (sceneLayerText)	125	1/26	In the background, on the left side of the scene: a queue of ten people outside a bakery, out of the door and along the wall.
70.0	Vignetten (sceneLayerText)	100	2/26	In the midground, on the left side of the scene: someone chasing after the bus and just catching it.
70.0	Vignetten (sceneLayerText)	84	1/26	In the background, on the right side of the scene: a dog tied to a lamppost waiting.
70.0	Vignetten (sceneLayerText)	123	1/26	In the midground, on the right side of the scene: a group of ten people packed onto a zebra crossing, all crossing at once.
70.0	Vignetten (sceneLayerText)	107	1/26	In the midground, on the left side of the scene: a family picnic with nine people spread over two blankets.
70.0	Vignetten (sceneLayerText)	101	1/26	In the background, on the right side of the scene: a child hanging upside down on the climbing frame.
70.5	Vignetten (sceneLayerText)	119	2/26	In the background, on the right side of the scene: a group of a dozen children playing a chasing game across the grass.
71.0	Vignetten (sceneLayerText)	104	2/26	In the midground, on the left side of the scene: a wheelbarrow used as a race car with two kids pushing.
71.0	Vignetten (sceneLayerText)	99	1/26	In the midground, on the right side of the scene: a dog herding three ducks in the wrong direction.
71.0	Vignetten (sceneLayerText)	84	1/26	In the midground, on the left side of the scene: the well overflowing into a puddle.
71.0	Vignetten (sceneLayerText)	90	1/26	In the midground, on the left side of the scene: a stork landing on the farmhouse chimney.
71.0	Vignetten (sceneLayerText)	103	1/26	In the midground, on the left side of the scene: an air mattress being pumped up with the plug missing.
71.0	Vignetten (sceneLayerText)	90	1/26	In the midground, on the left side of the scene: a child collecting driftwood into a pile.
71.0	Vignetten (sceneLayerText)	98	1/26	In the background, on the right side of the scene: a queue of ten people waiting at the chairlift.
71.0	Vignetten (sceneLayerText)	78	1/26	In the midground, on the left side of the scene: an eagle circling high above.
71.0	Vignetten (sceneLayerText)	105	1/26	In the midground, on the left side of the scene: a child jumping a stream with the backpack flying along.
71.0	Vignetten (sceneLayerText)	92	1/26	In the midground, on the left side of the scene: someone pushing a bicycle with a flat tyre.
71.0	Vignetten (sceneLayerText)	95	1/26	In the midground, on the left side of the scene: two pigeons sitting on a scooter's handlebars.
71.0	Vignetten (sceneLayerText)	110	2/26	In the background, on the left side of the scene: a balloon escaping a child's hand and floating into the sky.
71.0	Vignetten (sceneLayerText)	86	1/26	In the midground, on the right side of the scene: someone towing a child on a scooter.
71.0	Vignetten (sceneLayerText)	100	1/26	In the midground, on the left side of the scene: a dog carrying a far too big stick across the path.
71.0	Vignetten (sceneLayerText)	89	1/26	In the midground, on the left side of the scene: three kids building a den from branches.
72.0	Vignetten (sceneLayerText)	86	1/26	In the background, on the right side of the scene: the well overflowing into a puddle.
72.0	Vignetten (sceneLayerText)	128	1/26	In the midground, on the right side of the scene: a group of about ten children clambering over a stack of straw bales together.
72.0	Vignetten (sceneLayerText)	99	1/26	In the background, on the left side of the scene: a piglet running off with a cabbage in its mouth.
72.0	Vignetten (sceneLayerText)	101	1/26	In the background, on the left side of the scene: a toppled muck heap with chickens storming into it.
72.0	Vignetten (sceneLayerText)	113	2/26	In the background, on the right side of the scene: a group of ten carol singers with lanterns outside the window.
72.0	densityInstruction (Hintergrund-Regionen)	329	2/26	In the background layer (drawn small enough that it would fit at least twenty-five times over into the image height) there are people absolutely everywhere, and this is not a counted number but a continuous presence across the whole depth of the picture: by the Christmas tree, in the kitchen, on the stairs and by the fireplace.
72.0	Vignetten (sceneLayerText)	100	1/26	In the background, on the right side of the scene: a dog digging a huge sandy hole, covered in sand.
72.0	Vignetten (sceneLayerText)	101	1/26	In the midground, on the right side of the scene: a queue of about ten people at the ice cream stand.
72.0	Vignetten (sceneLayerText)	99	1/26	In the background, on the left side of the scene: someone balancing on a stone at the water's edge.
72.0	Vignetten (sceneLayerText)	119	1/26	In the background, on the right side of the scene: a marmot disappearing into its hole with two kids kneeling in front.
72.0	Vignetten (sceneLayerText)	85	1/26	In the background, on the left side of the scene: a dog fetching a way too big stick.
72.0	Vignetten (sceneLayerText)	103	1/26	In the background, on the left side of the scene: a backpack opened with half its contents falling out.
72.0	Vignetten (sceneLayerText)	104	2/26	In the background, on the left side of the scene: someone carrying a stack of crates with no view ahead.
72.0	Vignetten (sceneLayerText)	98	1/26	In the background, on the right side of the scene: a child wedged in the climbing net being freed.
72.3	Vignetten (sceneLayerText)	125	3/26	In the midground, on the right side of the scene: a dozen people packed onto and around one single sofa in front of the tree.
73.0	Vignetten (sceneLayerText)	101	2/26	In the background, on the left side of the scene: potatoes rolling across the yard from a burst sack.
73.0	Vignetten (sceneLayerText)	92	1/26	In the midground, on the left side of the scene: a goose chasing the farmer across the yard.
73.0	Vignetten (sceneLayerText)	101	2/26	In the background, on the left side of the scene: two goats standing on the roof of the chicken coop.
73.0	Vignetten (sceneLayerText)	99	1/26	In the midground, on the right side of the scene: a child bottle-feeding a lamb and getting nudged.
73.0	Vignetten (sceneLayerText)	100	1/26	In the midground, on the right side of the scene: a child picking cherries with already red fingers.
73.0	Vignetten (sceneLayerText)	112	2/26	In the background, on the left side of the scene: a group of ten carol singers with lanterns outside the window.
73.0	Vignetten (sceneLayerText)	131	1/26	In the midground, on the left side of the scene: a family of eight squeezed around the dinner table, plates and glasses everywhere.
73.0	densityInstruction	141	2/26	Inside the cut-open building that means every room, the stairs, the doorways and the corners, right through to the furthest room at the back.
73.0	Vignetten (sceneLayerText)	98	2/26	In the background, on the left side of the scene: kids digging a tunnel and meeting in the middle.
73.0	Vignetten (sceneLayerText)	99	2/26	In the midground, on the right side of the scene: someone hauling a huge air mattress to the water.
73.0	Vignetten (sceneLayerText)	101	1/26	In the midground, on the left side of the scene: someone buried in sand with only their head showing.
73.0	Vignetten (sceneLayerText)	94	1/26	In the midground, on the left side of the scene: a sandcastle getting a moat from two buckets.
73.0	Vignetten (sceneLayerText)	88	1/26	In the midground, on the right side of the scene: someone wringing out a dripping towel.
73.0	Vignetten (sceneLayerText)	89	1/26	In the midground, on the left side of the scene: a child drinking from a mountain stream.
73.0	Vignetten (sceneLayerText)	115	1/26	In the midground, on the left side of the scene: someone relacing their hiking boots with the backpack beside them.
73.0	Vignetten (sceneLayerText)	96	1/26	In the midground, on the right side of the scene: a marmot whistling loudly, startling everyone.
73.0	Vignetten (sceneLayerText)	118	1/26	In the midground, on the right side of the scene: a marmot disappearing into its hole with two kids kneeling in front.
73.0	Vignetten (sceneLayerText)	87	1/26	In the midground, on the left side of the scene: pigeons pecking crumbs outside a cafe.
73.0	Vignetten (sceneLayerText)	92	1/26	In the midground, on the right side of the scene: a street musician gathering a small crowd.
73.0	Vignetten (sceneLayerText)	83	1/26	In the midground, on the right side of the scene: a dog tied to a lamppost waiting.
73.0	Vignetten (sceneLayerText)	117	1/26	In the midground, on the left side of the scene: a child hiding behind a way too small lamppost during a game of tag.
73.0	Vignetten (sceneLayerText)	80	1/26	In the midground, on the left side of the scene: ducks raiding a picnic blanket.
74.0	Vignetten (sceneLayerText)	92	1/26	In the background, on the left side of the scene: a goat eating laundry off the clothesline.
74.0	Vignetten (sceneLayerText)	115	1/26	In the background, on the left side of the scene: a sheep separated from the flock standing in the vegetable patch.
74.0	Vignetten (sceneLayerText)	93	1/26	In the foreground, on the right side of the scene: a goat eating laundry off the clothesline.
74.0	Vignetten (sceneLayerText)	106	1/26	In the background, on the right side of the scene: a wheelbarrow used as a race car with two kids pushing.
74.0	Vignetten (sceneLayerText)	116	1/26	In the background, on the right side of the scene: a crooked star ornament on the tree being carefully straightened.
74.0	Vignetten (sceneLayerText)	132	1/26	In the midground, on the right side of the scene: a family of eight squeezed around the dinner table, plates and glasses everywhere.
74.0	Vignetten (sceneLayerText)	127	1/26	In the midground, on the right side of the scene: grandpa dozing off in his armchair while presents get wrapped all around him.
74.0	densityInstruction	103	2/26	Outside it means the street, the paths and the surrounding ground, carrying on unbroken to the horizon.
74.0	Vignetten (sceneLayerText)	102	1/26	In the background, on the left side of the scene: someone buried in sand with only their head showing.
74.0	Vignetten (sceneLayerText)	99	1/26	In the foreground, on the right side of the scene: a gust of wind surprising someone mid-sunscreen.
74.0	Vignetten (sceneLayerText)	92	1/26	In the background, on the right side of the scene: a beach volleyball flying into the water.
74.0	Vignetten (sceneLayerText)	99	1/26	In the background, on the left side of the scene: a cable car gondola floating over people's heads.
74.0	Vignetten (sceneLayerText)	94	1/26	In the background, on the left side of the scene: two hikers sharing a packed lunch on a rock.
74.0	Vignetten (sceneLayerText)	102	1/26	In the foreground, on the right side of the scene: a child drawing with a finger in an old snow patch.
74.0	Vignetten (sceneLayerText)	99	1/26	In the background, on the right side of the scene: cows lying in the middle of the path not moving.
74.0	Vignetten (sceneLayerText)	102	1/26	In the background, on the left side of the scene: a flower stall being set up with buckets everywhere.
74.0	Vignetten (sceneLayerText)	90	1/26	In the background, on the left side of the scene: two kids racing each other up the steps.
74.0	Vignetten (sceneLayerText)	91	1/26	In the foreground, on the right side of the scene: two kids racing each other up the steps.
74.0	Vignetten (sceneLayerText)	86	1/26	In the background, on the right side of the scene: an ice cream van with a long queue.
74.0	Vignetten (sceneLayerText)	92	1/26	In the background, on the left side of the scene: a squirrel running along a row of benches.
74.0	Vignetten (sceneLayerText)	90	1/26	In the background, on the left side of the scene: three kids building a den from branches.
74.0	Vignetten (sceneLayerText)	74	1/26	In the foreground, on the right side of the scene: a kite stuck in a tree.
74.0	Vignetten (sceneLayerText)	90	1/26	In the background, on the right side of the scene: a child rolling a hoop across the lawn.
74.3	Vignetten (sceneLayerText)	109	3/26	In the midground, on the left side of the scene: two kids carrying one far too heavy bucket of feed together.
75.0	Vignetten (sceneLayerText)	102	1/26	In the midground, on the right side of the scene: someone tying straw bales with a far too short rope.
75.0	Vignetten (sceneLayerText)	77	1/26	In the midground, on the left side of the scene: a cow licking a kid's cheek.
75.0	Vignetten (sceneLayerText)	113	1/26	In the midground, on the left side of the scene: a cat vanishing into a pile of wrapping paper, making it rustle.
75.0	Vignetten (sceneLayerText)	91	1/26	In the midground, on the left side of the scene: two kids pulling on the same gift ribbons.
75.0	Vignetten (sceneLayerText)	145	1/26	In the background, on the right side of the scene: a knot of about nine relatives crowded into the hallway, coats half off, all arriving at once.
75.0	densityInstruction	292	2/26	Keep the two apart — indoor floors indoors, outdoor ground outdoors — but leave neither of them empty of people: some alone, many in twos and threes, and in places whole clusters of them, each doing their own tiny activity or little visual joke — true busy seek-and-find picture-book density.
75.0	Vignetten (sceneLayerText)	88	2/26	In the background, on the left side of the scene: a kite tangled up in a beach umbrella.
75.0	Vignetten (sceneLayerText)	99	1/26	In the midground, on the right side of the scene: a boy practising cartwheels in the shallow water.
75.0	Vignetten (sceneLayerText)	90	1/26	In the midground, on the left side of the scene: a beach umbrella collapsing onto a towel.
75.0	Vignetten (sceneLayerText)	94	1/26	In the midground, on the right side of the scene: someone hanging wet socks on their backpack.
75.0	Vignetten (sceneLayerText)	79	1/26	In the midground, on the right side of the scene: an eagle circling high above.
75.0	Vignetten (sceneLayerText)	98	1/26	In the midground, on the left side of the scene: a cable car gondola floating over people's heads.
75.0	Vignetten (sceneLayerText)	101	1/26	In the midground, on the left side of the scene: someone slipping on scree and being held by the arm.
75.0	Vignetten (sceneLayerText)	99	1/26	In the midground, on the right side of the scene: someone holding a shop door for an entire family.
75.0	Vignetten (sceneLayerText)	102	1/26	In the midground, on the right side of the scene: a flower stall being set up with buckets everywhere.
75.0	Vignetten (sceneLayerText)	98	1/26	In the midground, on the left side of the scene: someone holding a shop door for an entire family.
75.0	Vignetten (sceneLayerText)	95	1/26	In the midground, on the right side of the scene: someone crashing a scooter into a park bench.
75.0	Vignetten (sceneLayerText)	110	1/26	In the midground, on the right side of the scene: a balloon escaping a child's hand and floating into the sky.
75.0	Vignetten (sceneLayerText)	90	1/26	In the midground, on the left side of the scene: someone feeding sparrows from their hand.
75.0	Vignetten (sceneLayerText)	97	1/26	In the midground, on the left side of the scene: a child chalking a hopscotch grid onto the path.
75.3	Vignetten (sceneLayerText)	119	3/26	In the background, on the right side of the scene: a row of nine children sitting on the stairs watching the grown-ups.
75.3	Vignetten (sceneLayerText)	112	3/26	In the background, on the right side of the scene: a cow with a bell standing in the middle of the hiking trail.
76.0	Vignetten (sceneLayerText)	115	2/26	In the midground, on the right side of the scene: a sheep separated from the flock standing in the vegetable patch.
76.0	Vignetten (sceneLayerText)	112	1/26	In the foreground, on the right side of the scene: a calf licking a rubber boot that is still on someone's foot.
76.0	Vignetten (sceneLayerText)	100	1/26	In the background, on the right side of the scene: a piglet hiding inside a way too big rubber boot.
76.0	Vignetten (sceneLayerText)	106	2/26	In the background, on the left side of the scene: a child with cotton wool as a snowy beard on their face.
76.0	Vignetten (sceneLayerText)	95	1/26	In the background, on the left side of the scene: a child counting the presents under the tree.
76.0	Vignetten (sceneLayerText)	114	1/26	In the background, on the left side of the scene: a cat vanishing into a pile of wrapping paper, making it rustle.
76.0	Vignetten (sceneLayerText)	101	1/26	In the midground, on the left side of the scene: someone carrying a stack of plates into the parlour.
76.0	Vignetten (sceneLayerText)	105	1/26	In the midground, on the left side of the scene: a boot placed outside the door with the dog sniffing it.
76.0	Vignetten (sceneLayerText)	93	1/26	In the foreground, on the right side of the scene: a child carrying a tower of three buckets.
76.0	Vignetten (sceneLayerText)	104	1/26	In the background, on the right side of the scene: someone dozing off almost getting caught by the tide.
76.0	Vignetten (sceneLayerText)	99	1/26	In the foreground, on the right side of the scene: cows lying in the middle of the path not moving.
76.0	Vignetten (sceneLayerText)	107	1/26	In the background, on the left side of the scene: a mountain hut besieged by hikers with every bench taken.
76.0	Vignetten (sceneLayerText)	97	1/26	In the foreground, on the right side of the scene: a market woman stacking melons into a pyramid.
76.0	Vignetten (sceneLayerText)	83	1/26	In the background, on the right side of the scene: a pram being lifted over a kerb.
76.0	Vignetten (sceneLayerText)	105	1/26	In the background, on the left side of the scene: two workmen carrying a pane of glass across the square.
76.0	Vignetten (sceneLayerText)	92	1/26	In the background, on the left side of the scene: a dog pulling its owner across the street.
76.0	Vignetten (sceneLayerText)	88	2/26	In the midground, on the left side of the scene: a child rolling a hoop across the lawn.
76.0	Vignetten (sceneLayerText)	92	1/26	In the foreground, on the right side of the scene: someone feeding sparrows from their hand.
76.0	Vignetten (sceneLayerText)	117	2/26	In the midground, on the right side of the scene: someone sliding down the slide way too fast and flying off the end.
76.0	Vignetten (sceneLayerText)	87	1/26	In the background, on the right side of the scene: a kite held by two children at once.
76.0	Vignetten (sceneLayerText)	86	2/26	In the background, on the left side of the scene: someone towing a child on a scooter.
76.0	Vignetten (sceneLayerText)	118	1/26	In the background, on the left side of the scene: a child hiding behind a way too small lamppost during a game of tag.
76.0	Vignetten (sceneLayerText)	101	1/26	In the background, on the left side of the scene: a dog carrying a far too big stick across the path.
76.5	Vignetten (sceneLayerText)	111	2/26	In the midground, on the left side of the scene: cookies being baked, powdered sugar dusting everything nearby.
77.0	Vignetten (sceneLayerText)	89	1/26	In the midground, on the left side of the scene: chickens pecking at someone's shoelaces.
77.0	Vignetten (sceneLayerText)	99	1/26	In the midground, on the right side of the scene: a piglet hiding inside a way too big rubber boot.
77.0	Vignetten (sceneLayerText)	92	1/26	In the midground, on the right side of the scene: two kids pulling on the same gift ribbons.
77.0	Vignetten (sceneLayerText)	100	1/26	In the background, on the left side of the scene: someone carrying firewood in with one log falling.
77.0	Vignetten (sceneLayerText)	86	1/26	In the midground, on the left side of the scene: a wave catching a row of sandcastles.
77.0	Vignetten (sceneLayerText)	87	1/26	In the midground, on the left side of the scene: someone wringing out a dripping towel.
77.0	Vignetten (sceneLayerText)	108	2/26	In the background, on the right side of the scene: a rubber dinghy drifting near the shore with a dog in it.
77.0	Vignetten (sceneLayerText)	92	1/26	In the midground, on the left side of the scene: a tent being pitched with one pole missing.
77.0	Vignetten (sceneLayerText)	96	1/26	In the midground, on the right side of the scene: two hiking poles left standing against a tree.
77.0	Vignetten (sceneLayerText)	96	1/26	In the midground, on the left side of the scene: a child counting coins for the ice cream stand.
77.0	Vignetten (sceneLayerText)	104	1/26	In the midground, on the left side of the scene: a busker tuning a guitar with a dog waiting beside him.
77.0	Vignetten (sceneLayerText)	104	1/26	In the midground, on the right side of the scene: someone watering flower boxes at a first-floor window.
77.0	Vignetten (sceneLayerText)	85	1/26	In the midground, on the left side of the scene: a kite held by two children at once.
77.0	Vignetten (sceneLayerText)	112	1/26	In the midground, on the left side of the scene: someone reading on a bench not noticing the pigeon beside them.
77.0	Vignetten (sceneLayerText)	90	1/26	In the midground, on the right side of the scene: three kids building a den from branches.
77.0	Vignetten (sceneLayerText)	113	1/26	In the midground, on the right side of the scene: the sandbox turned into a building site with three toy diggers.
78.0	Vignetten (sceneLayerText)	99	1/26	In the background, on the left side of the scene: a dog herding three ducks in the wrong direction.
78.0	Vignetten (sceneLayerText)	111	2/26	In the background, on the left side of the scene: someone balancing on the pasture fence with arms spread wide.
78.0	Vignetten (sceneLayerText)	106	1/26	In the background, on the right side of the scene: a rooster crowing way too early and waking everyone up.
78.0	Vignetten (sceneLayerText)	102	1/26	In the foreground, on the right side of the scene: two goats standing on the roof of the chicken coop.
78.0	Vignetten (sceneLayerText)	115	1/26	In the foreground, on the right side of the scene: two kids waiting on the stairs and looking through the banister.
78.0	Vignetten (sceneLayerText)	123	1/26	In the background, on the right side of the scene: someone hastily building a lopsided snowman outside before it gets dark.
78.0	Vignetten (sceneLayerText)	98	1/26	In the midground, on the right side of the scene: a snowball fight raging just outside the window.
78.0	Vignetten (sceneLayerText)	94	1/26	In the midground, on the right side of the scene: a roll of ribbon unspooling across the room.
78.0	Vignetten (sceneLayerText)	144	1/26	In the background, on the left side of the scene: a knot of about nine relatives crowded into the hallway, coats half off, all arriving at once.
78.0	Vignetten (sceneLayerText)	96	1/26	In the background, on the left side of the scene: a child pulling a handcart full of beach gear.
78.0	Vignetten (sceneLayerText)	107	2/26	In the midground, on the right side of the scene: a rubber dinghy drifting near the shore with a dog in it.
78.0	Vignetten (sceneLayerText)	104	2/26	In the midground, on the right side of the scene: an air mattress being pumped up with the plug missing.
78.0	Vignetten (sceneLayerText)	104	1/26	In the background, on the left side of the scene: an air mattress being pumped up with the plug missing.
78.0	Vignetten (sceneLayerText)	99	1/26	In the background, on the right side of the scene: kids digging a tunnel and meeting in the middle.
78.0	Vignetten (sceneLayerText)	101	1/26	In the foreground, on the right side of the scene: a child knee-deep in the water pointing at a fish.
78.0	Vignetten (sceneLayerText)	104	2/26	In the midground, on the right side of the scene: a child collecting coloured stones in a jacket pocket.
78.0	Vignetten (sceneLayerText)	97	1/26	In the background, on the left side of the scene: kids building a small stone cairn by the trail.
78.0	Vignetten (sceneLayerText)	95	2/26	In the midground, on the left side of the scene: two hiking poles left standing against a tree.
78.0	Vignetten (sceneLayerText)	98	1/26	In the background, on the right side of the scene: kids building a small stone cairn by the trail.
78.0	Vignetten (sceneLayerText)	86	1/26	In the foreground, on the right side of the scene: a dog fetching a way too big stick.
78.0	Vignetten (sceneLayerText)	101	2/26	In the midground, on the right side of the scene: someone chasing after the bus and just catching it.
78.0	Vignetten (sceneLayerText)	100	1/26	In the background, on the left side of the scene: a bike courier balancing a huge stack of packages.
78.0	Vignetten (sceneLayerText)	99	1/26	In the background, on the left side of the scene: a child pulling an adult towards a bakery window.
78.0	Vignetten (sceneLayerText)	105	1/26	In the background, on the right side of the scene: a child on someone's shoulders looking over the crowd.
78.0	Vignetten (sceneLayerText)	118	1/26	In the foreground, on the right side of the scene: a street performer standing so still everyone thinks he's a statue.
78.0	Vignetten (sceneLayerText)	102	1/26	In the background, on the left side of the scene: someone blowing soap bubbles with kids chasing them.
78.0	Vignetten (sceneLayerText)	96	1/26	In the background, on the left side of the scene: two kids swinging standing up and ever higher.
78.0	Vignetten (sceneLayerText)	118	1/26	In the foreground, on the right side of the scene: someone sliding down the slide way too fast and flying off the end.
78.5	Vignetten (sceneLayerText)	95	2/26	In the background, on the left side of the scene: a lantern being built from snowballs outside.
78.5	Vignetten (sceneLayerText)	117	2/26	In the background, on the right side of the scene: a dog snatching a string of sausage-shaped ornaments off the tree.
78.7	Vignetten (sceneLayerText)	98	3/26	In the background, on the left side of the scene: a family having a picnic overlooking the valley.
79.0	Vignetten (sceneLayerText)	91	1/26	In the midground, on the right side of the scene: a stork landing on the farmhouse chimney.
79.0	Vignetten (sceneLayerText)	92	1/26	In the midground, on the right side of the scene: a goat eating laundry off the clothesline.
79.0	Vignetten (sceneLayerText)	99	1/26	In the midground, on the left side of the scene: a child picking cherries with already red fingers.
79.0	Vignetten (sceneLayerText)	100	2/26	In the background, on the left side of the scene: hot cocoa boiling over and dripping off the table.
79.0	Vignetten (sceneLayerText)	87	1/26	In the foreground, on the right side of the scene: a sledge ride ending in a snowdrift.
79.0	Vignetten (sceneLayerText)	87	1/26	In the background, on the right side of the scene: a sledge ride ending in a snowdrift.
79.0	Vignetten (sceneLayerText)	114	1/26	In the midground, on the right side of the scene: a cat vanishing into a pile of wrapping paper, making it rustle.
79.0	Vignetten (sceneLayerText)	90	1/26	In the midground, on the right side of the scene: a crab pinching someone's toe, everyone.
79.0	Vignetten (sceneLayerText)	102	1/26	In the midground, on the left side of the scene: someone dozing off almost getting caught by the tide.
79.0	Vignetten (sceneLayerText)	94	1/26	In the midground, on the right side of the scene: two hikers sharing a packed lunch on a rock.
79.0	Vignetten (sceneLayerText)	97	1/26	In the midground, on the left side of the scene: a family having a picnic overlooking the valley.
79.0	Vignetten (sceneLayerText)	82	1/26	In the midground, on the right side of the scene: a market vendor juggling apples.
79.0	Vignetten (sceneLayerText)	95	1/26	In the midground, on the right side of the scene: a waiter balancing a tray between the tables.
79.0	Vignetten (sceneLayerText)	97	2/26	In the midground, on the left side of the scene: a parcel falling from a stack on a delivery van.
79.0	Vignetten (sceneLayerText)	82	2/26	In the midground, on the right side of the scene: a pram being lifted over a kerb.
79.0	Vignetten (sceneLayerText)	98	1/26	In the midground, on the left side of the scene: a child pulling an adult towards a bakery window.
79.0	Vignetten (sceneLayerText)	107	1/26	In the midground, on the left side of the scene: a bag of oranges spilling and rolling across the sidewalk.
79.0	Vignetten (sceneLayerText)	97	1/26	In the midground, on the right side of the scene: a child wedged in the climbing net being freed.
79.0	Vignetten (sceneLayerText)	112	1/26	In the midground, on the left side of the scene: an ice cream falling from a kid's hand right in front of a dog.
79.0	Vignetten (sceneLayerText)	72	1/26	In the midground, on the left side of the scene: a kite stuck in a tree.
79.5	Vignetten (sceneLayerText)	106	2/26	In the midground, on the right side of the scene: a child standing on a chair to reach the topmost bauble.
80.0	Vignetten (sceneLayerText)	98	2/26	In the midground, on the left side of the scene: a child bottle-feeding a lamb and getting nudged.
80.0	Vignetten (sceneLayerText)	101	1/26	In the background, on the right side of the scene: a child picking cherries with already red fingers.
80.0	Vignetten (sceneLayerText)	101	1/26	In the foreground, on the right side of the scene: a child picking cherries with already red fingers.
80.0	Vignetten (sceneLayerText)	76	1/26	In the background, on the left side of the scene: kids hiding in a haystack.
80.0	Vignetten (sceneLayerText)	105	1/26	In the midground, on the left side of the scene: a child standing on a chair to reach the topmost bauble.
80.0	Vignetten (sceneLayerText)	107	1/26	In the midground, on the right side of the scene: a choir of about ten people singing together by the door.
80.0	Vignetten (sceneLayerText)	88	1/26	In the foreground, on the right side of the scene: a wave catching a row of sandcastles.
80.0	Vignetten (sceneLayerText)	91	2/26	In the midground, on the left side of the scene: a seagull stealing someone's bag of fries.
80.0	Vignetten (sceneLayerText)	104	1/26	In the background, on the left side of the scene: someone digging a pit and almost disappearing into it.
80.0	Vignetten (sceneLayerText)	92	1/26	In the background, on the left side of the scene: a seagull stealing someone's bag of fries.
80.0	Vignetten (sceneLayerText)	86	2/26	In the midground, on the right side of the scene: someone sliding down a grassy slope.
80.0	Vignetten (sceneLayerText)	104	1/26	In the foreground, on the right side of the scene: a backpack opened with half its contents falling out.
80.0	Vignetten (sceneLayerText)	96	1/26	In the background, on the left side of the scene: a marmot whistling loudly, startling everyone.
80.0	Vignetten (sceneLayerText)	109	2/26	In the background, on the right side of the scene: a bag of oranges spilling and rolling across the sidewalk.
80.0	Vignetten (sceneLayerText)	106	1/26	In the background, on the right side of the scene: a busker tuning a guitar with a dog waiting beside him.
80.0	Vignetten (sceneLayerText)	100	1/26	In the foreground, on the right side of the scene: someone holding a shop door for an entire family.
80.0	Vignetten (sceneLayerText)	97	1/26	In the background, on the left side of the scene: a child counting coins for the ice cream stand.
80.0	Vignetten (sceneLayerText)	114	1/26	In the background, on the right side of the scene: an ice cream falling from a kid's hand right in front of a dog.
80.0	Vignetten (sceneLayerText)	90	1/26	In the foreground, on the right side of the scene: a child rolling a hoop across the lawn.
80.0	Vignetten (sceneLayerText)	99	2/26	In the midground, on the right side of the scene: a dog stealing a sausage from someone's barbecue.
80.0	Vignetten (sceneLayerText)	82	2/26	In the background, on the right side of the scene: ducks raiding a picnic blanket.
80.0	Vignetten (sceneLayerText)	95	1/26	In the background, on the left side of the scene: two kids swapping collector cards on a bench.
81.0	Vignetten (sceneLayerText)	98	1/26	In the midground, on the right side of the scene: a wheelbarrow full of apples tipping on a slope.
81.0	Vignetten (sceneLayerText)	97	1/26	In the midground, on the right side of the scene: a child in a veiled hat peering into a beehive.
81.0	Vignetten (sceneLayerText)	106	2/26	In the midground, on the right side of the scene: a boot placed outside the door with the dog sniffing it.
81.0	Vignetten (sceneLayerText)	102	1/26	In the background, on the left side of the scene: someone carrying a stack of plates into the parlour.
81.0	Vignetten (sceneLayerText)	97	1/26	In the midground, on the left side of the scene: a gust of wind surprising someone mid-sunscreen.
81.0	Vignetten (sceneLayerText)	96	2/26	In the midground, on the right side of the scene: a child pulling a handcart full of beach gear.
81.0	Vignetten (sceneLayerText)	91	1/26	In the midground, on the right side of the scene: a beach umbrella collapsing onto a towel.
81.0	Vignetten (sceneLayerText)	87	1/26	In the midground, on the right side of the scene: a wave catching a row of sandcastles.
81.0	Vignetten (sceneLayerText)	95	1/26	In the midground, on the left side of the scene: a marmot whistling loudly, startling everyone.
81.0	Vignetten (sceneLayerText)	96	1/26	In the midground, on the left side of the scene: kids building a small stone cairn by the trail.
81.0	Vignetten (sceneLayerText)	96	1/26	In the midground, on the right side of the scene: a hiking group trudging uphill in single file.
81.0	Vignetten (sceneLayerText)	103	1/26	In the midground, on the left side of the scene: someone watering flower boxes at a first-floor window.
81.0	Vignetten (sceneLayerText)	82	2/26	In the background, on the left side of the scene: a market vendor juggling apples.
81.0	Vignetten (sceneLayerText)	94	1/26	In the midground, on the right side of the scene: a fish being wrapped in paper at the market.
81.0	Vignetten (sceneLayerText)	98	1/26	In the midground, on the left side of the scene: a dog stealing a sausage from someone's barbecue.
81.0	Vignetten (sceneLayerText)	96	2/26	In the midground, on the right side of the scene: two kids swinging standing up and ever higher.
81.7	Vignetten (sceneLayerText)	116	3/26	In the midground, on the left side of the scene: someone climbing a ladder to the hayloft while another waits below.
82.0	Vignetten (sceneLayerText)	99	1/26	In the background, on the left side of the scene: a child bottle-feeding a lamb and getting nudged.
82.0	Vignetten (sceneLayerText)	115	2/26	In the background, on the right side of the scene: a child sitting on the tractor seat gripping the steering wheel.
82.0	Vignetten (sceneLayerText)	107	1/26	In the foreground, on the right side of the scene: a child standing on a chair to reach the topmost bauble.
82.0	Vignetten (sceneLayerText)	109	1/26	In the midground, on the right side of the scene: the tree stand wobbling with two people steadying the tree.
82.0	Vignetten (sceneLayerText)	116	1/26	In the midground, on the right side of the scene: a dog snatching a string of sausage-shaped ornaments off the tree.
82.0	Vignetten (sceneLayerText)	103	2/26	In the background, on the left side of the scene: the roast pulled from the oven with steam everywhere.
82.0	Vignetten (sceneLayerText)	106	1/26	In the background, on the left side of the scene: a boot placed outside the door with the dog sniffing it.
82.0	Vignetten (sceneLayerText)	91	1/26	In the background, on the left side of the scene: a candle being lit with everyone looking.
82.0	Vignetten (sceneLayerText)	90	1/26	In the background, on the left side of the scene: a crab pinching someone's toe, everyone.
82.0	Vignetten (sceneLayerText)	98	1/26	In the background, on the left side of the scene: a gust of wind surprising someone mid-sunscreen.
82.0	Vignetten (sceneLayerText)	100	1/26	In the background, on the right side of the scene: someone hauling a huge air mattress to the water.
82.0	Vignetten (sceneLayerText)	87	1/26	In the background, on the left side of the scene: a hiker totally lost, studying a map.
82.0	Vignetten (sceneLayerText)	109	2/26	In the midground, on the right side of the scene: someone holding the map upside down while another turns it.
82.0	Vignetten (sceneLayerText)	106	2/26	In the background, on the left side of the scene: a child being carried the last few metres to the summit.
82.0	Vignetten (sceneLayerText)	117	1/26	In the background, on the right side of the scene: someone relacing their hiking boots with the backpack beside them.
82.0	Vignetten (sceneLayerText)	104	1/26	In the background, on the right side of the scene: a child frozen in place staring at a toy shop window.
82.0	Vignetten (sceneLayerText)	114	1/26	In the background, on the left side of the scene: a ball landing in the flower bed with a child climbing after it.
82.5	Vignetten (sceneLayerText)	94	2/26	In the midground, on the left side of the scene: a lantern being built from snowballs outside.
82.5	Vignetten (sceneLayerText)	110	2/26	In the midground, on the left side of the scene: a kid secretly peeking under the wrapping paper of a present.
83.0	Vignetten (sceneLayerText)	114	1/26	In the midground, on the right side of the scene: a child sitting on the tractor seat gripping the steering wheel.
83.0	Vignetten (sceneLayerText)	76	1/26	In the midground, on the right side of the scene: kids hiding in a haystack.
83.0	Vignetten (sceneLayerText)	101	1/26	In the midground, on the left side of the scene: someone tying straw bales with a far too short rope.
83.0	Vignetten (sceneLayerText)	85	2/26	In the midground, on the left side of the scene: a sledge ride ending in a snowdrift.
83.0	Vignetten (sceneLayerText)	93	2/26	In the midground, on the left side of the scene: a roll of ribbon unspooling across the room.
83.0	Vignetten (sceneLayerText)	102	1/26	In the foreground, on the right side of the scene: the dog lying on the wrapping paper under the tree.
83.0	Vignetten (sceneLayerText)	97	1/26	In the midground, on the right side of the scene: a string of fairy lights hopelessly tangled up.
83.0	Vignetten (sceneLayerText)	107	2/26	In the midground, on the left side of the scene: two kids collecting shells in a bucket and comparing them.
83.0	Vignetten (sceneLayerText)	88	1/26	In the midground, on the right side of the scene: a kite tangled up in a beach umbrella.
83.0	Vignetten (sceneLayerText)	95	2/26	In the midground, on the left side of the scene: two seagulls squabbling over a piece of bread.
83.0	Vignetten (sceneLayerText)	99	1/26	In the midground, on the left side of the scene: a pedal boat being launched with everyone pushing.
83.0	Vignetten (sceneLayerText)	91	1/26	In the midground, on the left side of the scene: a child carrying a tower of three buckets.
83.0	Vignetten (sceneLayerText)	82	1/26	In the midground, on the right side of the scene: a goat blocking the narrow path.
83.0	Vignetten (sceneLayerText)	106	1/26	In the midground, on the right side of the scene: a child being carried the last few metres to the summit.
83.0	Vignetten (sceneLayerText)	81	1/26	In the midground, on the left side of the scene: a goat blocking the narrow path.
83.0	Vignetten (sceneLayerText)	86	1/26	In the midground, on the left side of the scene: a hiker totally lost, studying a map.
83.0	Vignetten (sceneLayerText)	93	2/26	In the background, on the left side of the scene: someone pushing a bicycle with a flat tyre.
83.0	Vignetten (sceneLayerText)	104	1/26	In the midground, on the right side of the scene: someone carrying a stack of crates with no view ahead.
83.0	Vignetten (sceneLayerText)	114	2/26	In the background, on the right side of the scene: a street sweeper gathering leaves that the wind scatters again.
83.0	Vignetten (sceneLayerText)	97	1/26	In the midground, on the right side of the scene: a child counting coins for the ice cream stand.
83.0	Vignetten (sceneLayerText)	95	1/26	In the midground, on the left side of the scene: a market woman stacking melons into a pyramid.
83.0	Vignetten (sceneLayerText)	91	2/26	In the background, on the left side of the scene: someone feeding sparrows from their hand.
83.0	Vignetten (sceneLayerText)	92	1/26	In the midground, on the right side of the scene: a squirrel running along a row of benches.
83.0	Vignetten (sceneLayerText)	97	1/26	In the midground, on the left side of the scene: a child pushing a doll's pram across the gravel.
83.5	Vignetten (sceneLayerText)	90	2/26	In the background, on the left side of the scene: someone sticking a star onto the window.
84.0	Vignetten (sceneLayerText)	77	2/26	In the background, on the left side of the scene: a tractor stuck in the mud.
84.0	Vignetten (sceneLayerText)	93	1/26	In the background, on the right side of the scene: a bucket of milk tipping over in the barn.
84.0	Vignetten (sceneLayerText)	106	1/26	In the background, on the right side of the scene: a pig that escaped its pen running across the farmyard.
84.0	Vignetten (sceneLayerText)	111	1/26	In the background, on the left side of the scene: a calf licking a rubber boot that is still on someone's foot.
84.0	Vignetten (sceneLayerText)	89	2/26	In the midground, on the left side of the scene: someone sticking a star onto the window.
84.0	Vignetten (sceneLayerText)	112	1/26	In the background, on the left side of the scene: cookies being baked, powdered sugar dusting everything nearby.
84.0	Vignetten (sceneLayerText)	95	2/26	In the midground, on the right side of the scene: an advent calendar door opened way too early.
84.0	Vignetten (sceneLayerText)	102	1/26	In the midground, on the left side of the scene: the roast pulled from the oven with steam everywhere.
84.0	Vignetten (sceneLayerText)	116	1/26	In the midground, on the left side of the scene: two kids decorating only the bottom of the tree, the top left bare.
84.0	Vignetten (sceneLayerText)	113	1/26	In the foreground, on the right side of the scene: cookies being baked, powdered sugar dusting everything nearby.
84.0	Vignetten (sceneLayerText)	107	1/26	In the background, on the right side of the scene: a child with cotton wool as a snowy beard on their face.
84.0	Vignetten (sceneLayerText)	101	2/26	In the background, on the right side of the scene: a pedal boat being launched with everyone pushing.
84.0	Vignetten (sceneLayerText)	101	1/26	In the background, on the right side of the scene: a child knee-deep in the water pointing at a fish.
84.0	Vignetten (sceneLayerText)	103	2/26	In the background, on the right side of the scene: someone buried in sand with only their head showing.
84.0	Vignetten (sceneLayerText)	106	1/26	In the background, on the left side of the scene: an ice cream seller surrounded by a cluster of children.
84.0	Vignetten (sceneLayerText)	95	1/26	In the background, on the right side of the scene: someone hanging wet socks on their backpack.
84.0	Vignetten (sceneLayerText)	94	1/26	In the background, on the right side of the scene: someone pushing a bicycle with a flat tyre.
84.0	Vignetten (sceneLayerText)	113	2/26	In the midground, on the right side of the scene: someone reading on a bench not noticing the pigeon beside them.
84.0	Vignetten (sceneLayerText)	96	1/26	In the background, on the right side of the scene: two kids swapping collector cards on a bench.
84.0	Vignetten (sceneLayerText)	113	2/26	In the midground, on the left side of the scene: a ball landing in the flower bed with a child climbing after it.
84.0	Vignetten (sceneLayerText)	99	1/26	In the background, on the right side of the scene: a child pushing a doll's pram across the gravel.
84.0	Vignetten (sceneLayerText)	101	2/26	In the background, on the right side of the scene: a seesaw tipping because one side is much heavier.
84.7	Vignetten (sceneLayerText)	91	3/26	In the background, on the right side of the scene: two kids rolling a stone down the slope.
85.0	Vignetten (sceneLayerText)	110	1/26	In the midground, on the left side of the scene: a calf licking a rubber boot that is still on someone's foot.
85.0	Vignetten (sceneLayerText)	93	1/26	In the midground, on the right side of the scene: a goose chasing the farmer across the yard.
85.0	Vignetten (sceneLayerText)	101	2/26	In the background, on the right side of the scene: hot cocoa boiling over and dripping off the table.
85.0	Vignetten (sceneLayerText)	94	2/26	In the background, on the right side of the scene: someone hiding a present behind their back.
85.0	Vignetten (sceneLayerText)	117	1/26	In the background, on the left side of the scene: two kids decorating only the bottom of the tree, the top left bare.
85.0	Vignetten (sceneLayerText)	126	1/26	In the midground, on the left side of the scene: grandpa dozing off in his armchair while presents get wrapped all around him.
85.0	Vignetten (sceneLayerText)	87	1/26	In the midground, on the left side of the scene: a butterfly landing on someone's nose.
85.0	Vignetten (sceneLayerText)	116	2/26	In the midground, on the left side of the scene: a street performer standing so still everyone thinks he's a statue.
85.0	Vignetten (sceneLayerText)	98	1/26	In the midground, on the left side of the scene: a child running through the crowd with a balloon.
85.0	Vignetten (sceneLayerText)	91	1/26	In the midground, on the left side of the scene: a dog pulling its owner across the street.
85.0	Vignetten (sceneLayerText)	83	1/26	In the midground, on the left side of the scene: two squirrels fighting over a nut.
85.0	Vignetten (sceneLayerText)	94	1/26	In the midground, on the left side of the scene: two kids swapping collector cards on a bench.
85.5	Vignetten (sceneLayerText)	91	2/26	In the midground, on the right side of the scene: a candle being lit with everyone looking.
86.0	Vignetten (sceneLayerText)	78	1/26	In the background, on the right side of the scene: a tractor stuck in the mud.
86.0	Vignetten (sceneLayerText)	111	2/26	In the background, on the left side of the scene: a kid secretly peeking under the wrapping paper of a present.
86.0	Vignetten (sceneLayerText)	98	1/26	In the background, on the right side of the scene: a string of fairy lights hopelessly tangled up.
86.0	Vignetten (sceneLayerText)	97	2/26	In the midground, on the left side of the scene: the tablecloth being straightened by four hands.
86.0	Vignetten (sceneLayerText)	96	1/26	In the background, on the right side of the scene: a child counting the presents under the tree.
86.0	Vignetten (sceneLayerText)	95	1/26	In the midground, on the right side of the scene: a child counting the presents under the tree.
86.0	Vignetten (sceneLayerText)	99	1/26	In the background, on the left side of the scene: a boy practising cartwheels in the shallow water.
86.0	Vignetten (sceneLayerText)	118	1/26	In the background, on the left side of the scene: a marmot disappearing into its hole with two kids kneeling in front.
86.0	Vignetten (sceneLayerText)	102	1/26	In the background, on the right side of the scene: a child drawing with a finger in an old snow patch.
86.0	Vignetten (sceneLayerText)	99	1/26	In the background, on the left side of the scene: a child running through the crowd with a balloon.
86.0	Vignetten (sceneLayerText)	93	1/26	In the background, on the right side of the scene: a street musician gathering a small crowd.
86.0	Vignetten (sceneLayerText)	113	1/26	In the background, on the left side of the scene: an ice cream falling from a kid's hand right in front of a dog.
86.5	Vignetten (sceneLayerText)	121	2/26	In the midground, on the left side of the scene: someone hastily building a lopsided snowman outside before it gets dark.
87.0	Vignetten (sceneLayerText)	85	1/26	In the midground, on the right side of the scene: the well overflowing into a puddle.
87.0	Vignetten (sceneLayerText)	104	1/26	In the midground, on the left side of the scene: a pig that escaped its pen running across the farmyard.
87.0	Vignetten (sceneLayerText)	94	1/26	In the midground, on the left side of the scene: an advent calendar door opened way too early.
87.0	Vignetten (sceneLayerText)	101	1/26	In the background, on the right side of the scene: someone carrying firewood in with one log falling.
87.0	Vignetten (sceneLayerText)	122	1/26	In the midground, on the right side of the scene: someone hastily building a lopsided snowman outside before it gets dark.
87.0	Vignetten (sceneLayerText)	106	1/26	In the midground, on the right side of the scene: an ice cream seller surrounded by a cluster of children.
87.0	Vignetten (sceneLayerText)	94	2/26	In the midground, on the left side of the scene: everyone and waving their arms at the summit.
87.0	Vignetten (sceneLayerText)	110	1/26	In the midground, on the left side of the scene: a cow with a bell standing in the middle of the hiking trail.
87.0	Vignetten (sceneLayerText)	96	1/26	In the midground, on the right side of the scene: a market woman stacking melons into a pyramid.
87.0	Vignetten (sceneLayerText)	103	1/26	In the midground, on the left side of the scene: a child on someone's shoulders looking over the crowd.
87.7	PHASE2_FOREGROUND_RULE	294	12/26	Because this scene is large and densely populated, the front of the image carries the recognisability: every character in the foreground and midground is drawn as an individual with their own clothing colours, their own posture and their own small activity — no filler, no repeated silhouettes.
87.7	Vignetten (sceneLayerText)	117	3/26	In the midground, on the right side of the scene: two kids decorating only the bottom of the tree, the top left bare.
88.0	Vignetten (sceneLayerText)	112	1/26	In the background, on the right side of the scene: someone balancing on the pasture fence with arms spread wide.
88.0	Vignetten (sceneLayerText)	114	1/26	In the midground, on the left side of the scene: a crooked star ornament on the tree being carefully straightened.
88.0	Vignetten (sceneLayerText)	103	1/26	In the background, on the right side of the scene: someone carrying a stack of plates into the parlour.
88.0	Vignetten (sceneLayerText)	99	1/26	In the foreground, on the right side of the scene: a snowball fight raging just outside the window.
88.0	Vignetten (sceneLayerText)	74	1/26	In the background, on the right side of the scene: a kite stuck in a tree.
88.7	PHASE2_FOREGROUND_RULE	68	12/26	Only in the far background may characters become simple and generic.
89.0	Vignetten (sceneLayerText)	113	1/26	In the midground, on the left side of the scene: a child sitting on the tractor seat gripping the steering wheel.
89.0	Vignetten (sceneLayerText)	114	1/26	In the midground, on the right side of the scene: two kids waiting on the stairs and looking through the banister.
89.0	Vignetten (sceneLayerText)	95	1/26	In the background, on the left side of the scene: an advent calendar door opened way too early.
89.0	Vignetten (sceneLayerText)	99	1/26	In the midground, on the left side of the scene: someone carrying firewood in with one log falling.
89.0	Vignetten (sceneLayerText)	115	1/26	In the midground, on the left side of the scene: a dog snatching a string of sausage-shaped ornaments off the tree.
89.0	Vignetten (sceneLayerText)	97	1/26	In the midground, on the left side of the scene: kids digging a tunnel and meeting in the middle.
89.0	Vignetten (sceneLayerText)	99	1/26	In the midground, on the left side of the scene: a child hanging upside down on the climbing frame.
89.6	SCENE_STYLE_BLOCK	440	26/26	Every human or human-like character in the scene, named heroes and background characters alike, is drawn in exactly the same flat, minimal illustration style: round heads, dot eyes, a single vertical nose line, never a mouth, no ears, no visible neck (the head sits directly on the shoulders), thin limbs with no joints, thick black marker outline, graphic recording sketchnote style, applied consistently to every character in the picture.
89.7	PHASE2_FOREGROUND_RULE	205	12/26	Give each named hero a deliberately chosen spot with a little space around them, wherever in the depth of the scene they have been placed above, so they can be found instead of disappearing into the crowd.
90.0	Vignetten (sceneLayerText)	115	1/26	In the background, on the left side of the scene: a crooked star ornament on the tree being carefully straightened.
90.0	Vignetten (sceneLayerText)	114	1/26	In the background, on the left side of the scene: two kids waiting on the stairs and looking through the banister.
90.6	SCENE_STYLE_BLOCK	248	26/26	Animals are drawn in the same flat-color, thick-black-marker-outline illustration style, but keep their own natural features (mouths, ears, snouts, tails, fur/feather texture drawn simply) rather than the stylized human face design described above.
91.0	Vignetten (sceneLayerText)	100	1/26	In the midground, on the left side of the scene: the dog lying on the wrapping paper under the tree.
91.0	Vignetten (sceneLayerText)	99	1/26	In the background, on the right side of the scene: the tablecloth being straightened by four hands.
91.0	Vignetten (sceneLayerText)	101	1/26	In the midground, on the right side of the scene: the dog lying on the wrapping paper under the tree.
91.0	Vignetten (sceneLayerText)	93	1/26	In the midground, on the right side of the scene: someone hiding a present behind their back.
91.6	GROSSE_KOEPFE_SATZ	172	26/26	Every person, child or adult, has a large round head on a small, simple body, as on the reference sheets: about a quarter of the height for grown-ups, a third for children.
92.0	Vignetten (sceneLayerText)	110	1/26	In the background, on the right side of the scene: the tree stand wobbling with two people steadying the tree.
92.0	Vignetten (sceneLayerText)	112	1/26	In the background, on the right side of the scene: a kid secretly peeking under the wrapping paper of a present.
92.6	FLAT_FACE_RULE	255	26/26	Every human face in this image stays completely flat, and this applies most strictly to the largest figures in the very front, where the temptation to add detail is greatest: two small dot eyes and one single thin vertical line for the nose, nothing more.
93.0	Vignetten (sceneLayerText)	105	1/26	In the midground, on the left side of the scene: a child with cotton wool as a snowy beard on their face.
93.6	FLAT_FACE_RULE	251	26/26	Never a modelled nose with a bridge, a tip, nostrils or shading around it; never stubble, beard shadow or shading on cheeks, chin or neck; never a three-quarter or profile view with sculpted facial features while the other faces stay flat and frontal.
94.0	Vignetten (sceneLayerText)	92	1/26	In the background, on the left side of the scene: two kids pulling on the same gift ribbons.
94.5	FILL_EMPTY_SPACE_RULE	110	22/26	Fill all empty space – sky, ground, water – with additional small background characters, animals, and objects.
95.5	FILL_EMPTY_SPACE_RULE	55	22/26	No large empty or negative space anywhere in the scene.
95.5	FILL_EMPTY_SPACE_RULE_HAUS	181	4/26	Fill all empty space inside the house – bare floors, walls, stairs, shelves, window sills, the corners of every room – with additional small characters, pets, furniture and objects.
96.0	Vignetten (sceneLayerText)	96	1/26	In the background, on the right side of the scene: an advent calendar door opened way too early.
96.5	FILL_EMPTY_SPACE_RULE_HAUS	58	4/26	No room stands half empty, and no wall is a blank surface.
96.6	COHERENCE_RULE	134	26/26	The whole scene is ONE continuous space seen from a slightly elevated angle, unbroken – no gaps, no floating patches, no collage look.
97.5	DEPTH_COHERENCE_RULE	155	22/26	Depth and scale must be spatially coherent: characters shrink smoothly and continuously from the front of the scene towards the back along receding ground.
98.5	DEPTH_COHERENCE_RULE	220	22/26	Never place a foreground-sized character immediately next to a background-sized character with no spatial separation between them – each character's size must match its actual distance within the single continuous scene.
99.5	DEPTH_COHERENCE_RULE	277	22/26	This applies to animals exactly as it does to human characters — an animal drawn bigger belongs nearer the front, a smaller one further back, following the same continuous depth progression as everyone else, never placed at a size that ignores its actual distance in the scene.
100.2	HEAD_SCALE_CONSISTENCY_RULE	214	26/26	Within each depth layer, character heads should be roughly consistent in size regardless of character type (child, adult, elderly) – differences in age/height are expressed through body proportions, not head scale.
101.2	HEAD_SCALE_CONSISTENCY_RULE	403	26/26	Animals follow the same depth-layer logic in spirit: an animal's overall size should stay believable relative to the humans and other animals at the same depth layer (a chicken stays chicken-sized next to a person, a cow stays cow-sized) — never randomly oversized or undersized just for a gag, even though animals naturally keep their own head-to-body proportions rather than matching human head scale.
102.2	INDOOR_OUTDOOR_RULE	42	26/26	Keep inside and outside strictly separate.
103.2	INDOOR_OUTDOOR_RULE	148	26/26	Weather and outdoor ground — snow, rain, sand, waves, grass, sky, street paving — belong outdoors only and must never appear on the floor of a room.
104.2	INDOOR_OUTDOOR_RULE	193	26/26	In a building cut open for the viewer, every interior room keeps its own floor, walls and ceiling, and the outside world only ever begins beyond a wall, a window frame or the edge of the house.
105.2	SAFE_MARGIN_RULE	312	26/26	Keep the outer 6% of the image at the very top and the outer 6% at the very bottom as a low-priority safety margin: fine for sky, ground, water, a ceiling, a bare floor or incidental background filler, but never place a named hero's vignette or an important, eye-catching gag there — it may be cropped for print.
106.2	SAFE_MARGIN_RULE	76	26/26	Everything important belongs in the vertical band between those two margins.
107.2	EMOTION_WORDS_RULE	200	26/26	Do not use any emotion or facial-expression words for any character in this scene, named heroes or background characters alike — no laughing, smiling, crying, excited, happy, sad, angry, or surprised.
108.2	EMOTION_WORDS_RULE	126	26/26	Describe only actions, poses, or body posture instead (for example "eyes crinkled, one arm thrown up" rather than "laughing").
108.2	allCharactersRuleKurz	177	13/26	All 3 characters from the reference images appear, none of them twice: it all happens at one moment, and nobody can be in two places at once, not even in two rooms of one house.
109.2	EMOTION_WORDS_RULE	99	26/26	This matters because faces in this style never have a mouth, and emotion words undermine that rule.
109.9	sizeRuleReminder	94	14/26	Last check on scale before drawing: divide the image height into eight equal horizontal bands.
110.5	sizeRuleReminder	137	4/26	No person anywhere in this house, on any floor and in any room, may be taller than one of those bands, and none is bigger than any other.
111.5	sizeRuleReminder	103	4/26	If one figure is larger than the rest, the image is wrong — redraw every figure at the same small size.
112.2	allCharactersRuleKurz	177	13/26	All 5 characters from the reference images appear, none of them twice: it all happens at one moment, and nobody can be in two places at once, not even in two rooms of one house.
112.5	sizeRuleReminder	112	22/26	No person in this image, not even the one standing closest to the viewer, may be taller than one of those bands.
112.7	sizeRuleReminder	94	12/26	Last check on scale before drawing: divide the image height into seven equal horizontal bands.
113.5	sizeRuleReminder	131	22/26	If the front figures are bigger than that, the image is wrong — move the camera back and redraw the whole scene smaller and busier.
114.2	EDGE_AND_FACE_REMINDER	196	26/26	And two last things to check before drawing: nobody is cut off by the edge of the picture, least of all along the bottom edge — no half figures, no oversized head pushed into the frame from below.
115.2	EDGE_AND_FACE_REMINDER	136	26/26	And every face in the image, down to the smallest, actually has its two dot eyes and its nose line drawn on it; no blank faces anywhere.
116.2	ZERO_TEXT_RULE	104	26/26	Absolutely zero text, letters, signage or lettering anywhere in this image, of any kind, for any reason.
117.2	sceneComposeInstruction	199	26/26	The attached reference images show the exact established design of each named character listed above by reference-image number — their face, proportions, hair color, clothing and identifying details.
118.2	sceneComposeInstruction	357	26/26	Draw each one into this new scene keeping their identity and design EXACTLY the same as their reference (same face, same proportions, same hair, same clothing colors); only their pose changes to match the action described above — dynamic, natural poses that actively show them taking part in the scene, never simply copied standing still from the reference.
119.2	sceneComposeInstruction	216	26/26	Take their identity from those reference images, but NOT their size: the references are close-up character sheets in which one person fills the frame, and that is a property of the reference sheet, not of this scene.
120.2	sceneComposeInstruction	99	26/26	In the scene each of them is one small figure among many, at the size given by the size rule above.
121.2	sceneComposeInstruction	424	26/26	Every other character in the scene, including all small background characters, must be drawn in the exact same flat-color, thick black marker outline, graphic-recording sketchnote illustration style as the reference images, applied consistently to every character in the picture — no character anywhere may be drawn in a more detailed, more realistic, differently line-weighted, shaded, gradient, or softly airbrushed style.
122.2	sceneComposeInstruction	127	26/26	This rule is about how the PEOPLE and the ANIMALS are drawn and about nothing else: it does not apply to the scene around them.
123.2	sceneComposeInstruction	85	26/26	The place itself — sky, water, foliage, ground, walls, distance — is not bound by it.
124.2	sceneComposeInstruction	197	26/26	One rule overrides every other style consideration in this image: no mouth, ever, on any human or human-like character, anywhere — not open, not closed, not smiling, not even a simple line for one.
125.2	sceneComposeInstruction	52	26/26	If in doubt, leave the lower half of the face blank.
126.2	sceneComposeInstruction	96	26/26	This does not apply to animals — they may have their natural mouths, snouts, beaks or open jaws.
